TANGGAL,FF_AVG,FF_X,RH_AVG,TAVG,RR,cluster,cluster_label
2021-01-08,1.71,4.31,82.0,23.3,7.1,1,Angin Tenang
2021-01-09,2.2,5.06,85.0,22.6,17.4,1,Angin Tenang
2021-01-10,2.02,3.86,87.0,22.1,12.2,1,Angin Tenang
2021-01-11,2.4,4.14,83.0,22.8,1.4,1,Angin Tenang
2021-01-12,2.62,4.16,85.0,22.4,14.2,1,Angin Tenang
2021-01-13,2.96,4.07,80.0,22.6,1.4,1,Angin Tenang
2021-01-14,1.46,2.21,82.0,21.8,1.0,1,Angin Tenang
2021-01-15,1.37,2.13,77.0,22.6,0.1,1,Angin Tenang
2021-01-16,1.52,2.6,72.0,23.1,0.7,1,Angin Tenang
2021-01-17,2.33,4.16,80.0,22.5,1.5,1,Angin Tenang
2021-01-18,2.94,5.86,86.0,22.0,4.9,1,Angin Tenang
2021-01-19,2.63,5.52,85.0,21.4,3.4,1,Angin Tenang
2021-01-20,1.59,3.51,87.0,22.2,12.1,1,Angin Tenang
2021-01-21,1.83,4.0,88.0,22.4,11.2,1,Angin Tenang
2021-01-22,1.66,3.2,80.0,22.6,2.0,1,Angin Tenang
2021-01-23,1.99,3.83,81.0,22.8,2.1,1,Angin Tenang
2021-01-24,1.29,3.51,87.0,22.2,8.0,1,Angin Tenang
2021-01-25,1.58,3.62,84.0,22.5,7.6,1,Angin Tenang
2021-01-26,2.64,5.07,86.0,22.4,8.4,1,Angin Tenang
2021-01-27,3.6,4.6,90.0,21.5,14.3,1,Angin Tenang
2021-01-28,2.93,4.24,89.0,21.5,12.1,1,Angin Tenang
2021-01-29,3.32,5.49,88.0,21.3,4.2,1,Angin Tenang
2021-01-30,2.94,5.51,87.0,21.3,10.3,1,Angin Tenang
2021-01-31,2.79,5.47,89.0,21.6,10.7,1,Angin Tenang
2021-02-01,2.52,4.65,84.0,22.2,2.5,1,Angin Tenang
2021-02-02,2.71,4.79,89.0,22.1,3.0,1,Angin Tenang
2021-02-03,2.19,3.54,88.0,21.7,18.8,1,Angin Tenang
2021-02-04,3.66,6.31,85.0,22.3,6.7,1,Angin Tenang
2021-02-05,3.16,5.19,85.0,22.3,2.2,1,Angin Tenang
2021-02-06,3.13,6.13,85.0,22.4,4.0,1,Angin Tenang
2021-02-07,3.16,5.78,88.0,22.3,4.4,1,Angin Tenang
2021-02-08,3.19,5.98,89.0,22.3,6.1,1,Angin Tenang
2021-02-09,2.83,5.46,86.0,22.5,4.2,1,Angin Tenang
2021-02-10,2.32,4.27,86.0,22.6,6.6,1,Angin Tenang
2021-02-11,2.42,4.96,84.0,22.8,2.4,1,Angin Tenang
2021-02-12,2.02,4.55,85.0,22.6,3.7,1,Angin Tenang
2021-02-13,2.0,4.05,84.0,22.6,1.8,1,Angin Tenang
2021-02-14,1.89,3.74,88.0,22.6,3.8,1,Angin Tenang
2021-02-15,1.83,3.98,87.0,22.4,1.4,1,Angin Tenang
2021-02-16,1.73,3.61,89.0,22.3,3.8,1,Angin Tenang
2021-02-17,2.5,3.76,86.0,21.5,25.6,1,Angin Tenang
2021-02-18,2.36,4.41,84.0,21.9,3.9,1,Angin Tenang
2021-02-19,2.26,5.19,91.0,21.2,22.0,1,Angin Tenang
2021-02-20,2.21,5.17,88.0,21.8,4.1,1,Angin Tenang
2021-02-21,1.87,3.98,85.0,22.3,3.2,1,Angin Tenang
2021-02-22,1.7,2.95,83.0,22.6,0.1,1,Angin Tenang
2021-02-23,2.82,4.57,75.0,22.9,0.6,1,Angin Tenang
2021-02-24,3.99,5.52,86.0,22.0,5.7,1,Angin Tenang
2021-02-25,3.19,6.24,84.0,22.5,4.2,1,Angin Tenang
2021-02-26,1.76,3.68,87.0,22.2,7.4,1,Angin Tenang
2021-02-27,1.79,4.27,83.0,22.9,2.3,1,Angin Tenang
2021-02-28,2.38,4.32,75.0,23.4,0.2,1,Angin Tenang
2021-03-01,1.88,4.1,77.0,23.2,0.1,1,Angin Tenang
2021-03-02,1.98,4.3,84.0,22.8,2.5,1,Angin Tenang
2021-03-03,1.72,4.1,84.0,22.7,0.8,1,Angin Tenang
2021-03-04,1.27,3.1,81.0,22.8,0.1,1,Angin Tenang
2021-03-05,1.26,2.94,82.0,22.9,0.4,1,Angin Tenang
2021-03-06,1.35,3.26,80.0,23.0,0.5,1,Angin Tenang
2021-03-07,1.47,2.62,85.0,21.6,9.7,1,Angin Tenang
2021-03-08,1.5,2.56,84.0,21.8,25.9,1,Angin Tenang
2021-03-09,2.03,4.02,80.0,22.4,2.0,1,Angin Tenang
2021-03-10,2.01,5.15,82.0,22.4,2.0,1,Angin Tenang
2021-03-11,1.65,4.04,86.0,22.4,3.3,1,Angin Tenang
2021-03-12,1.77,4.03,80.0,23.0,1.8,1,Angin Tenang
2021-03-13,2.48,4.5,73.0,22.6,0.3,1,Angin Tenang
2021-03-14,2.13,4.11,80.0,22.4,0.8,1,Angin Tenang
2021-03-15,1.45,3.0,78.0,23.0,1.1,1,Angin Tenang
2021-03-16,1.08,2.13,88.0,22.2,10.1,1,Angin Tenang
2021-03-17,1.32,2.8,87.0,22.5,14.8,1,Angin Tenang
2021-03-18,1.45,2.82,88.0,22.2,37.3,0,Angin Ringan
2021-03-19,1.49,3.64,82.0,23.0,3.5,1,Angin Tenang
2021-03-20,1.82,3.91,81.0,22.9,0.2,1,Angin Tenang
2021-03-21,1.54,3.0,79.0,22.7,0.9,1,Angin Tenang
2021-03-22,1.65,3.81,83.0,22.8,2.1,1,Angin Tenang
2021-03-23,1.74,3.98,82.0,22.7,0.9,1,Angin Tenang
2021-03-24,1.91,4.03,80.0,22.8,0.8,1,Angin Tenang
2021-03-25,1.98,3.1,81.0,22.7,0.6,1,Angin Tenang
2021-03-26,1.74,2.44,81.0,23.0,0.8,1,Angin Tenang
2021-03-27,1.3,3.14,85.0,22.9,4.4,1,Angin Tenang
2021-03-28,1.37,2.3,82.0,23.6,1.6,1,Angin Tenang
2021-03-29,1.89,3.14,81.0,23.6,0.0,1,Angin Tenang
2021-03-30,1.19,2.02,92.0,21.8,18.3,1,Angin Tenang
2021-03-31,1.22,2.69,86.0,22.9,87.9,0,Angin Ringan
2021-04-01,1.75,3.73,82.0,23.0,22.2,1,Angin Tenang
2021-04-02,1.49,3.35,75.0,23.5,3.2,1,Angin Tenang
2021-04-03,1.32,3.49,87.0,22.3,8.5,1,Angin Tenang
2021-04-04,1.33,4.13,85.0,23.0,6.4,1,Angin Tenang
2021-04-05,1.95,5.56,85.0,22.7,1.9,1,Angin Tenang
2021-04-06,2.93,4.75,79.0,23.3,0.9,1,Angin Tenang
2021-04-07,3.04,4.15,81.0,23.1,0.5,1,Angin Tenang
2021-04-08,3.1,5.85,77.0,23.3,0.3,1,Angin Tenang
2021-04-09,2.32,4.46,82.0,23.0,0.8,1,Angin Tenang
2021-04-10,1.58,3.61,83.0,22.8,0.9,1,Angin Tenang
2021-04-11,1.28,2.98,84.0,22.5,3.1,1,Angin Tenang
2021-04-12,1.25,2.96,80.0,23.3,0.6,1,Angin Tenang
2021-04-13,1.21,2.75,83.0,22.5,0.7,1,Angin Tenang
2021-04-14,1.32,3.04,84.0,22.4,3.8,1,Angin Tenang
2021-04-15,1.53,2.86,89.0,21.7,20.1,1,Angin Tenang
2021-04-16,1.53,2.52,78.0,23.3,0.5,1,Angin Tenang
2021-04-17,2.09,3.85,80.0,22.9,2.3,1,Angin Tenang
2021-04-18,1.21,2.34,81.0,22.8,1.2,1,Angin Tenang
2021-04-19,1.61,2.64,83.0,22.9,0.8,1,Angin Tenang
2021-04-20,1.92,3.14,74.0,23.0,0.0,1,Angin Tenang
2021-04-21,2.12,3.55,75.0,22.4,0.0,1,Angin Tenang
2021-04-22,2.19,3.28,74.0,22.7,0.3,1,Angin Tenang
2021-04-23,1.5,3.4,78.0,22.7,0.3,1,Angin Tenang
2021-04-24,2.03,4.25,75.0,22.6,0.1,1,Angin Tenang
2021-04-25,1.35,2.32,81.0,22.7,2.4,1,Angin Tenang
2021-04-26,1.52,2.51,77.0,23.4,0.6,1,Angin Tenang
2021-04-27,1.65,2.82,79.0,23.3,0.7,1,Angin Tenang
2021-04-28,1.61,2.94,88.0,22.4,34.9,1,Angin Tenang
2021-04-29,1.35,3.23,81.0,23.3,3.3,1,Angin Tenang
2021-04-30,1.2,3.11,86.0,23.0,19.2,1,Angin Tenang
2021-05-01,1.3,2.2,83.0,23.8,1.2,1,Angin Tenang
2021-05-02,1.37,3.0,83.0,23.1,0.7,1,Angin Tenang
2021-05-03,1.27,2.2,82.0,23.4,1.6,1,Angin Tenang
2021-05-04,1.23,2.61,80.0,23.2,2.1,1,Angin Tenang
2021-05-05,1.21,2.22,82.0,23.7,1.2,1,Angin Tenang
2021-05-06,1.42,2.15,83.0,23.1,0.8,1,Angin Tenang
2021-05-07,1.4,2.38,80.0,23.6,0.4,1,Angin Tenang
2021-05-08,1.27,2.33,81.0,24.1,2.0,1,Angin Tenang
2021-05-09,1.66,2.2,72.0,24.3,0.0,1,Angin Tenang
2021-05-10,2.07,3.04,73.0,23.4,0.0,1,Angin Tenang
2021-05-11,1.59,2.72,78.0,23.3,0.7,1,Angin Tenang
2021-05-12,1.62,2.64,83.0,23.5,1.8,1,Angin Tenang
2021-05-13,1.72,2.38,82.0,23.2,1.2,1,Angin Tenang
2021-05-14,1.42,2.08,80.0,23.2,0.8,1,Angin Tenang
2021-05-15,1.43,2.13,81.0,24.0,2.4,1,Angin Tenang
2021-05-16,1.61,2.35,82.0,23.5,9.8,1,Angin Tenang
2021-05-17,1.35,1.91,83.0,23.0,2.0,1,Angin Tenang
2021-05-18,1.53,2.79,84.0,23.1,48.7,0,Angin Ringan
2021-05-19,1.25,2.4,83.0,23.4,0.8,1,Angin Tenang
2021-05-20,1.22,1.65,82.0,23.2,1.2,1,Angin Tenang
2021-05-21,1.55,2.87,83.0,23.3,5.9,1,Angin Tenang
2021-05-22,1.48,2.1,81.0,23.1,2.0,1,Angin Tenang
2021-05-23,1.32,2.91,86.0,22.9,7.4,1,Angin Tenang
2021-05-24,1.39,3.41,86.0,23.3,16.4,1,Angin Tenang
2021-05-25,1.42,2.5,84.0,22.9,48.9,0,Angin Ringan
2021-05-26,1.67,2.55,80.0,22.5,0.7,1,Angin Tenang
2021-05-27,1.62,2.47,82.0,22.9,1.5,1,Angin Tenang
2021-05-28,1.34,2.33,80.0,22.9,2.2,1,Angin Tenang
2021-05-29,1.18,2.16,87.0,22.5,11.2,1,Angin Tenang
2021-05-30,1.53,2.21,82.0,23.1,1.2,1,Angin Tenang
2021-05-31,1.54,3.35,89.0,22.2,21.1,1,Angin Tenang
2021-06-01,1.34,3.05,88.0,22.7,12.7,1,Angin Tenang
2021-06-02,1.32,2.64,88.0,23.1,19.8,1,Angin Tenang
2021-06-03,1.2,1.71,83.0,24.0,0.5,1,Angin Tenang
2021-06-04,1.41,2.21,82.0,24.0,0.0,1,Angin Tenang
2021-06-05,1.56,3.05,78.0,23.5,0.3,1,Angin Tenang
2021-06-06,1.18,2.41,86.0,22.9,9.2,1,Angin Tenang
2021-06-07,1.58,2.56,81.0,23.0,0.1,1,Angin Tenang
2021-06-08,1.59,2.39,81.0,23.0,0.5,1,Angin Tenang
2021-06-09,1.35,2.1,82.0,23.0,0.1,1,Angin Tenang
2021-06-10,1.31,2.13,83.0,22.9,1.6,1,Angin Tenang
2021-06-11,1.2,2.34,89.0,22.7,30.4,1,Angin Tenang
2021-06-12,1.35,2.14,84.0,22.9,3.3,1,Angin Tenang
2021-06-13,1.15,1.88,83.0,23.3,3.0,1,Angin Tenang
2021-06-14,1.69,2.6,83.0,22.3,0.5,1,Angin Tenang
2021-06-15,1.04,1.8,84.0,21.8,4.3,1,Angin Tenang
2021-06-16,1.32,2.83,85.0,22.4,31.0,1,Angin Tenang
2021-06-17,1.1,1.98,87.0,22.1,1.8,1,Angin Tenang
2021-06-18,1.27,2.66,85.0,22.8,0.8,1,Angin Tenang
2021-06-19,1.32,2.55,88.0,21.7,2.9,1,Angin Tenang
2021-06-20,1.15,2.69,86.0,21.8,14.6,1,Angin Tenang
2021-06-21,1.42,2.91,88.0,21.2,2.6,1,Angin Tenang
2021-06-22,1.56,2.6,84.0,22.2,9.1,1,Angin Tenang
2021-06-23,1.43,2.95,86.0,22.0,5.0,1,Angin Tenang
2021-06-24,1.1,1.75,87.0,21.8,2.4,1,Angin Tenang
2021-06-25,1.06,1.71,82.0,22.1,3.9,1,Angin Tenang
2021-06-26,1.19,2.1,85.0,22.5,5.6,1,Angin Tenang
2021-06-27,1.3,2.28,85.0,22.7,5.6,1,Angin Tenang
2021-06-28,1.06,2.21,87.0,22.2,5.5,1,Angin Tenang
2021-06-29,1.48,2.55,86.0,22.0,1.0,1,Angin Tenang
2021-06-30,1.1,1.72,85.0,22.2,2.5,1,Angin Tenang
2021-07-01,2.09,2.95,85.0,21.8,6.9,1,Angin Tenang
2021-07-02,1.61,2.83,81.0,22.8,0.1,1,Angin Tenang
2021-07-03,1.36,2.48,81.0,22.5,0.1,1,Angin Tenang
2021-07-04,1.51,2.14,78.0,22.2,0.1,1,Angin Tenang
2021-07-05,2.23,3.27,79.0,22.2,0.0,1,Angin Tenang
2021-07-06,2.88,5.16,77.0,21.1,0.0,1,Angin Tenang
2021-07-07,1.89,3.25,77.0,20.9,0.0,1,Angin Tenang
2021-07-08,1.53,2.33,76.0,21.8,0.0,1,Angin Tenang
2021-07-09,1.26,2.28,82.0,22.4,4.8,1,Angin Tenang
2021-07-10,1.41,1.97,85.0,22.9,3.2,1,Angin Tenang
2021-07-11,1.79,3.01,82.0,22.2,1.1,1,Angin Tenang
2021-07-12,1.6,2.43,74.0,22.6,0.0,1,Angin Tenang
2021-07-13,1.83,3.32,76.0,21.8,0.0,1,Angin Tenang
2021-07-14,1.69,2.62,77.0,21.8,0.0,1,Angin Tenang
2021-07-15,2.56,3.38,76.0,22.1,0.0,1,Angin Tenang
2021-07-16,2.25,3.3,76.0,21.6,0.0,1,Angin Tenang
2021-07-17,1.71,2.45,75.0,21.7,0.0,1,Angin Tenang
2021-07-18,1.51,2.28,73.0,22.8,0.1,1,Angin Tenang
2021-07-19,1.2,2.15,81.0,23.0,4.9,1,Angin Tenang
2021-07-20,1.13,2.3,85.0,22.5,9.2,1,Angin Tenang
2021-07-21,1.57,3.42,83.0,22.9,1.1,1,Angin Tenang
2021-07-22,1.7,3.14,79.0,23.4,0.3,1,Angin Tenang
2021-07-23,1.51,3.13,83.0,22.5,11.6,1,Angin Tenang
2021-07-24,1.89,3.05,85.0,22.1,1.2,1,Angin Tenang
2021-07-25,2.55,3.61,79.0,22.0,0.0,1,Angin Tenang
2021-07-26,1.32,2.26,70.0,21.4,0.0,1,Angin Tenang
2021-07-27,1.75,2.75,72.0,21.2,0.0,1,Angin Tenang
2021-07-28,2.12,3.13,76.0,21.6,0.0,1,Angin Tenang
2021-07-29,1.91,2.6,76.0,22.1,0.0,1,Angin Tenang
2021-07-30,1.92,3.02,75.0,22.4,0.1,1,Angin Tenang
2021-07-31,2.05,3.11,81.0,22.8,2.5,1,Angin Tenang
2021-08-01,2.42,3.04,80.0,22.7,1.0,1,Angin Tenang
2021-08-02,2.3,3.35,78.0,22.8,0.9,1,Angin Tenang
2021-08-03,2.9,4.62,82.0,22.4,6.3,1,Angin Tenang
2021-08-04,2.01,3.26,85.0,22.6,6.5,1,Angin Tenang
2021-08-05,1.3,3.04,86.0,22.0,28.7,1,Angin Tenang
2021-08-06,1.48,2.58,78.0,22.3,0.9,1,Angin Tenang
2021-08-07,1.3,2.31,80.0,22.8,0.4,1,Angin Tenang
2021-08-08,1.49,2.77,81.0,23.0,2.7,1,Angin Tenang
2021-08-09,1.26,2.52,81.0,23.3,1.8,1,Angin Tenang
2021-08-10,3.04,4.2,79.0,22.9,0.0,1,Angin Tenang
2021-08-11,4.19,5.2,76.0,21.8,0.0,1,Angin Tenang
2021-08-12,2.21,3.4,74.0,22.0,0.0,1,Angin Tenang
2021-08-13,2.15,3.77,83.0,22.0,10.8,1,Angin Tenang
2021-08-14,2.62,4.11,78.0,23.2,1.4,1,Angin Tenang
2021-08-15,2.49,4.36,73.0,23.0,0.0,1,Angin Tenang
2021-08-16,2.61,3.79,75.0,23.0,0.4,1,Angin Tenang
2021-08-17,1.94,2.79,73.0,23.2,0.0,1,Angin Tenang
2021-08-18,1.65,2.64,75.0,22.9,7.6,1,Angin Tenang
2021-08-19,1.7,3.71,83.0,22.1,24.1,1,Angin Tenang
2021-08-20,2.4,3.89,73.0,22.2,0.7,1,Angin Tenang
2021-08-21,1.64,2.64,82.0,21.6,14.3,1,Angin Tenang
2021-08-22,2.4,3.58,80.0,22.6,1.8,1,Angin Tenang
2021-08-23,2.05,3.01,77.0,22.7,0.4,1,Angin Tenang
2021-08-24,2.39,3.3,76.0,21.9,0.9,1,Angin Tenang
2021-08-25,2.83,4.1,74.0,21.8,0.0,1,Angin Tenang
2021-08-26,2.35,3.3,73.0,22.4,0.0,1,Angin Tenang
2021-08-27,2.17,2.73,70.0,22.3,0.0,1,Angin Tenang
2021-08-28,2.12,3.0,72.0,22.5,0.0,1,Angin Tenang
2021-08-29,2.0,3.94,80.0,22.3,2.3,1,Angin Tenang
2021-08-30,2.85,3.8,75.0,23.4,0.1,1,Angin Tenang
2021-08-31,1.93,3.4,79.0,23.3,3.8,1,Angin Tenang
2021-09-01,2.14,3.6,76.0,23.5,0.1,1,Angin Tenang
2021-09-02,2.86,3.81,70.0,22.9,0.0,1,Angin Tenang
2021-09-03,2.93,3.98,69.0,22.4,0.0,1,Angin Tenang
2021-09-04,2.01,3.07,72.0,22.8,0.0,1,Angin Tenang
2021-09-05,2.06,3.18,76.0,23.1,1.2,1,Angin Tenang
2021-09-06,2.37,4.05,77.0,23.0,3.4,1,Angin Tenang
2021-09-07,1.7,3.34,83.0,21.9,6.6,1,Angin Tenang
2021-09-08,3.38,5.48,77.0,22.2,0.0,1,Angin Tenang
2021-09-09,3.27,4.97,71.0,21.7,0.0,1,Angin Tenang
2021-09-10,1.74,2.79,73.0,22.2,2.0,1,Angin Tenang
2021-09-11,2.15,3.3,80.0,22.9,2.9,1,Angin Tenang
2021-09-12,2.36,3.23,85.0,22.5,2.4,1,Angin Tenang
2021-09-13,1.78,3.52,82.0,23.1,4.7,1,Angin Tenang
2021-09-14,1.3,2.86,90.0,21.6,25.1,1,Angin Tenang
2021-09-15,1.4,2.05,81.0,22.5,6.5,1,Angin Tenang
2021-09-16,1.7,2.79,81.0,22.8,3.3,1,Angin Tenang
2021-09-17,2.54,3.58,76.0,23.2,0.5,1,Angin Tenang
2021-09-18,2.87,4.09,76.0,23.5,0.5,1,Angin Tenang
2021-09-19,3.0,4.28,78.0,22.9,1.3,1,Angin Tenang
2021-09-20,3.57,4.98,77.0,22.6,0.0,1,Angin Tenang
2021-09-21,1.62,2.95,81.0,22.4,11.6,1,Angin Tenang
2021-09-22,1.93,3.31,77.0,23.0,2.3,1,Angin Tenang
2021-09-23,1.94,4.2,75.0,23.5,2.3,1,Angin Tenang
2021-09-24,1.7,3.11,80.0,23.4,9.3,1,Angin Tenang
2021-09-25,1.43,2.77,81.0,23.6,11.4,1,Angin Tenang
2021-09-26,1.25,2.2,83.0,23.4,9.5,1,Angin Tenang
2021-09-27,1.93,2.73,81.0,23.6,1.6,1,Angin Tenang
2021-09-28,2.36,3.73,77.0,23.6,1.1,1,Angin Tenang
2021-09-29,1.83,2.79,78.0,23.5,1.9,1,Angin Tenang
2021-09-30,1.3,2.43,80.0,24.0,2.6,1,Angin Tenang
2021-10-01,1.19,2.19,78.0,23.6,0.7,1,Angin Tenang
2021-10-02,1.55,2.51,73.0,23.4,0.1,1,Angin Tenang
2021-10-03,1.57,2.44,79.0,23.2,3.9,1,Angin Tenang
2021-10-04,1.54,2.91,82.0,23.0,1.5,1,Angin Tenang
2021-10-05,1.47,2.41,73.0,23.8,0.0,1,Angin Tenang
2021-10-06,1.63,2.6,74.0,23.6,1.1,1,Angin Tenang
2021-10-07,2.0,2.7,72.0,23.5,0.7,1,Angin Tenang
2021-10-08,2.03,3.31,76.0,23.2,1.9,1,Angin Tenang
2021-10-09,2.19,2.87,74.0,23.4,0.9,1,Angin Tenang
2021-10-10,1.55,2.68,75.0,23.8,1.5,1,Angin Tenang
2021-10-11,1.45,2.28,74.0,23.7,0.3,1,Angin Tenang
2021-10-12,2.16,3.4,70.0,24.4,0.4,1,Angin Tenang
2021-10-13,1.59,2.62,74.0,23.8,5.8,1,Angin Tenang
2021-10-14,1.75,3.32,76.0,24.1,1.5,1,Angin Tenang
2021-10-15,1.6,4.52,78.0,23.8,2.4,1,Angin Tenang
2021-10-16,1.45,2.33,76.0,24.2,4.7,1,Angin Tenang
2021-10-17,1.5,2.72,82.0,23.7,18.7,1,Angin Tenang
2021-10-18,1.14,2.47,86.0,22.7,9.8,1,Angin Tenang
2021-10-19,1.57,3.13,82.0,22.5,6.7,1,Angin Tenang
2021-10-20,1.51,2.91,79.0,23.4,0.8,1,Angin Tenang
2021-10-21,1.75,2.79,82.0,22.8,4.9,1,Angin Tenang
2021-10-22,1.68,3.1,81.0,23.2,3.2,1,Angin Tenang
2021-10-23,1.6,2.44,78.0,23.4,2.2,1,Angin Tenang
2021-10-24,1.42,2.37,77.0,23.7,2.0,1,Angin Tenang
2021-10-25,1.64,2.93,83.0,22.5,6.6,1,Angin Tenang
2021-10-26,1.52,2.7,82.0,22.6,6.0,1,Angin Tenang
2021-10-27,1.4,2.33,86.0,22.4,22.6,1,Angin Tenang
2021-10-28,1.35,3.4,83.0,23.0,8.2,1,Angin Tenang
2021-10-29,1.39,2.92,85.0,22.5,17.6,1,Angin Tenang
2021-10-30,1.39,4.31,82.0,22.9,2.0,1,Angin Tenang
2021-10-31,1.21,3.57,85.0,22.9,22.9,1,Angin Tenang
2021-11-01,1.19,2.19,87.0,22.3,28.8,1,Angin Tenang
2021-11-02,1.45,2.75,84.0,22.7,21.3,1,Angin Tenang
2021-11-03,1.27,2.91,84.0,22.9,24.5,1,Angin Tenang
2021-11-04,1.28,2.38,86.0,22.6,15.0,1,Angin Tenang
2021-11-05,1.22,2.0,87.0,22.4,13.1,1,Angin Tenang
2021-11-06,0.98,2.41,86.0,23.4,9.3,1,Angin Tenang
2021-11-07,1.47,3.01,88.0,22.5,44.3,0,Angin Ringan
2021-11-08,1.39,2.87,81.0,22.9,5.0,1,Angin Tenang
2021-11-09,1.22,4.97,89.0,22.4,27.4,1,Angin Tenang
2021-11-10,1.19,2.69,90.0,21.7,19.6,1,Angin Tenang
2021-11-11,1.36,2.1,85.0,22.0,2.0,1,Angin Tenang
2021-11-12,1.25,1.81,83.0,22.1,3.7,1,Angin Tenang
2021-11-13,1.44,3.96,84.0,22.6,6.4,1,Angin Tenang
2021-11-14,0.97,1.79,89.0,22.0,18.5,1,Angin Tenang
2021-11-15,1.35,3.0,87.0,22.3,17.9,1,Angin Tenang
2021-11-16,1.32,2.97,84.0,22.8,8.4,1,Angin Tenang
2021-11-17,1.17,2.66,84.0,23.3,10.5,1,Angin Tenang
2021-11-18,1.13,3.18,85.0,22.9,13.4,1,Angin Tenang
2021-11-19,1.22,2.26,89.0,21.8,24.1,1,Angin Tenang
2021-11-20,1.5,2.77,78.0,23.3,0.0,1,Angin Tenang
2021-11-21,1.68,3.48,80.0,23.4,3.1,1,Angin Tenang
2021-11-22,2.14,3.47,85.0,23.1,3.0,1,Angin Tenang
2021-11-23,2.39,3.77,87.0,22.3,3.8,1,Angin Tenang
2021-11-24,1.96,2.97,77.0,23.3,0.3,1,Angin Tenang
2021-11-25,1.58,3.9,71.0,23.4,6.1,1,Angin Tenang
2021-11-26,1.27,3.2,83.0,22.6,8.7,1,Angin Tenang
2021-11-27,2.05,3.81,83.0,22.5,17.3,1,Angin Tenang
2021-11-28,1.95,4.11,87.0,21.7,17.0,1,Angin Tenang
2021-11-29,1.53,3.97,78.0,22.8,0.5,1,Angin Tenang
2021-11-30,1.18,3.51,86.0,22.4,31.6,1,Angin Tenang
2021-12-01,1.44,3.21,81.0,23.1,11.7,1,Angin Tenang
2021-12-02,2.01,4.07,73.0,23.9,1.4,1,Angin Tenang
2021-12-03,1.75,3.14,79.0,23.6,1.5,1,Angin Tenang
2021-12-04,2.5,3.94,88.0,21.7,9.4,1,Angin Tenang
2021-12-05,1.88,3.44,85.0,22.0,6.1,1,Angin Tenang
2021-12-06,1.9,3.67,81.0,22.8,5.4,1,Angin Tenang
2021-12-07,2.3,3.61,90.0,21.8,8.4,1,Angin Tenang
2021-12-08,1.85,4.23,82.0,23.4,2.2,1,Angin Tenang
2021-12-09,1.22,2.86,87.0,22.7,4.0,1,Angin Tenang
2021-12-10,1.59,3.7,86.0,22.7,4.1,1,Angin Tenang
2021-12-11,1.31,3.4,85.0,22.3,0.4,1,Angin Tenang
2021-12-12,1.24,2.6,84.0,22.4,4.3,1,Angin Tenang
2021-12-13,1.19,2.31,83.0,22.8,0.0,1,Angin Tenang
2021-12-14,1.23,3.45,83.0,22.9,0.3,1,Angin Tenang
2021-12-15,1.17,2.2,81.0,23.3,0.6,1,Angin Tenang
2021-12-16,1.43,3.22,87.0,22.6,7.0,1,Angin Tenang
2021-12-17,1.3,2.5,89.0,22.3,20.0,1,Angin Tenang
2021-12-18,0.91,1.9,86.0,22.9,23.4,1,Angin Tenang
2021-12-19,1.58,2.62,84.0,22.9,9.1,1,Angin Tenang
2021-12-20,1.33,2.55,88.0,22.3,15.3,1,Angin Tenang
2021-12-21,1.03,1.82,88.0,22.4,9.4,1,Angin Tenang
2021-12-22,1.26,3.31,86.0,22.5,33.7,1,Angin Tenang
2021-12-23,1.17,3.21,87.0,22.3,16.3,1,Angin Tenang
2021-12-24,1.9,3.81,84.0,22.5,3.0,1,Angin Tenang
2021-12-25,1.78,3.74,82.0,22.6,3.5,1,Angin Tenang
2021-12-26,1.85,4.21,84.0,23.0,2.9,1,Angin Tenang
2021-12-27,1.45,4.01,84.0,22.8,2.0,1,Angin Tenang
2021-12-28,1.62,3.62,87.0,22.2,4.1,1,Angin Tenang
2021-12-29,1.44,3.13,85.0,22.5,0.3,1,Angin Tenang
2021-12-30,1.34,3.01,82.0,22.7,0.5,1,Angin Tenang
2021-12-31,1.86,3.59,83.0,22.1,0.3,1,Angin Tenang
2022-01-01,2.11,4.55,79.0,22.6,0.4,1,Angin Tenang
2022-01-02,1.06,2.95,77.0,23.0,0.5,1,Angin Tenang
2022-01-03,1.28,2.48,75.0,23.5,0.0,1,Angin Tenang
2022-01-04,1.68,3.83,80.0,22.3,0.0,1,Angin Tenang
2022-01-05,1.68,3.91,82.0,22.9,4.2,1,Angin Tenang
2022-01-06,1.49,3.47,85.0,22.5,3.8,1,Angin Tenang
2022-01-07,1.46,3.36,83.0,22.2,8.7,1,Angin Tenang
2022-01-08,1.18,3.38,79.0,22.6,3.5,1,Angin Tenang
2022-01-09,2.09,4.0,82.0,22.4,0.3,1,Angin Tenang
2022-01-10,1.58,2.79,84.0,22.5,9.0,1,Angin Tenang
2022-01-11,2.44,4.78,88.0,22.0,15.0,1,Angin Tenang
2022-01-12,2.47,5.22,86.0,22.2,10.8,1,Angin Tenang
2022-01-13,2.13,4.35,86.0,22.2,2.6,1,Angin Tenang
2022-01-14,1.98,3.77,87.0,21.8,2.1,1,Angin Tenang
2022-01-15,2.22,3.79,85.0,22.3,0.5,1,Angin Tenang
2022-01-16,2.16,3.61,85.0,22.2,5.3,1,Angin Tenang
2022-01-17,1.92,4.2,85.0,22.5,3.3,1,Angin Tenang
2022-01-18,2.38,4.2,86.0,22.3,1.1,1,Angin Tenang
2022-01-19,2.73,4.65,85.0,22.5,1.3,1,Angin Tenang
2022-01-20,2.92,4.19,90.0,21.0,19.4,1,Angin Tenang
2022-01-21,2.23,4.83,81.0,22.1,3.8,1,Angin Tenang
2022-01-22,1.98,3.91,86.0,22.1,10.6,1,Angin Tenang
2022-01-23,2.22,4.3,80.0,23.1,1.0,1,Angin Tenang
2022-01-24,2.7,5.27,76.0,23.5,1.2,1,Angin Tenang
2022-01-25,2.73,5.32,82.0,23.0,0.6,1,Angin Tenang
2022-01-26,2.62,4.97,84.0,23.0,1.6,1,Angin Tenang
2022-01-27,2.04,4.01,83.0,22.6,2.9,1,Angin Tenang
2022-01-28,2.46,5.31,79.0,22.8,0.6,1,Angin Tenang
2022-01-29,1.79,3.4,79.0,23.2,0.0,1,Angin Tenang
2022-01-30,1.84,3.81,82.0,23.0,1.2,1,Angin Tenang
2022-01-31,1.79,3.32,82.0,23.0,2.7,1,Angin Tenang
2022-02-01,1.65,3.71,81.0,23.1,2.2,1,Angin Tenang
2022-02-02,1.17,3.18,87.0,22.8,5.0,1,Angin Tenang
2022-02-03,1.32,3.31,84.0,22.8,12.5,1,Angin Tenang
2022-02-04,1.36,3.21,85.0,22.6,6.0,1,Angin Tenang
2022-02-05,2.19,4.02,87.0,21.7,9.2,1,Angin Tenang
2022-02-06,2.86,5.24,86.0,22.0,9.9,1,Angin Tenang
2022-02-07,2.11,4.48,84.0,22.7,1.7,1,Angin Tenang
2022-02-08,1.94,4.59,83.0,22.7,3.5,1,Angin Tenang
2022-02-09,2.36,3.58,83.0,22.3,17.5,1,Angin Tenang
2022-02-10,2.62,3.98,82.0,22.2,0.2,1,Angin Tenang
2022-02-11,2.31,3.94,76.0,22.8,0.6,1,Angin Tenang
2022-02-12,1.87,2.75,79.0,22.5,0.7,1,Angin Tenang
2022-02-13,1.99,4.1,84.0,22.4,5.2,1,Angin Tenang
2022-02-14,1.57,2.97,76.0,22.6,2.9,1,Angin Tenang
2022-02-15,1.55,2.64,78.0,22.8,2.7,1,Angin Tenang
2022-02-16,1.7,2.77,85.0,22.2,21.4,1,Angin Tenang
2022-02-17,1.28,2.7,87.0,22.0,19.8,1,Angin Tenang
2022-02-18,1.24,2.78,88.0,22.0,10.3,1,Angin Tenang
2022-02-19,1.41,3.05,84.0,22.4,19.0,1,Angin Tenang
2022-02-20,1.4,2.33,86.0,22.4,1.1,1,Angin Tenang
2022-02-21,1.57,3.65,79.0,23.2,0.4,1,Angin Tenang
2022-02-22,2.27,4.98,77.0,22.9,1.0,1,Angin Tenang
2022-02-23,2.3,4.2,82.0,21.8,3.4,1,Angin Tenang
2022-02-24,2.26,3.7,75.0,22.8,0.1,1,Angin Tenang
2022-02-25,2.58,4.24,77.0,22.5,2.1,1,Angin Tenang
2022-02-26,2.73,4.32,78.0,22.4,8.1,1,Angin Tenang
2022-02-27,4.08,6.49,80.0,22.7,0.9,2,Angin Sedang
2022-02-28,3.98,5.54,83.0,22.4,1.1,1,Angin Tenang
2022-03-01,3.47,5.52,83.0,22.5,0.0,1,Angin Tenang
2022-03-02,2.46,4.92,78.0,23.1,1.9,1,Angin Tenang
2022-03-03,1.62,4.12,85.0,22.2,1.1,1,Angin Tenang
2022-03-04,1.74,3.41,84.0,22.7,9.9,1,Angin Tenang
2022-03-05,2.21,4.34,83.0,22.4,19.3,1,Angin Tenang
2022-03-06,2.07,3.69,81.0,22.1,3.3,1,Angin Tenang
2022-03-07,1.21,3.1,84.0,22.6,3.3,1,Angin Tenang
2022-03-08,1.61,3.07,84.0,22.4,2.6,1,Angin Tenang
2022-03-09,1.31,2.69,84.0,22.8,4.8,1,Angin Tenang
2022-03-10,1.25,3.08,87.0,22.5,6.1,1,Angin Tenang
2022-03-11,1.73,4.14,87.0,22.3,11.0,1,Angin Tenang
2022-03-12,2.48,4.23,85.0,22.8,9.5,1,Angin Tenang
2022-03-13,1.52,2.83,84.0,23.1,4.3,1,Angin Tenang
2022-03-14,1.4,2.98,84.0,23.2,3.2,1,Angin Tenang
2022-03-15,1.4,2.09,91.0,21.2,18.6,1,Angin Tenang
2022-03-16,1.43,2.15,85.0,22.8,12.0,1,Angin Tenang
2022-03-17,1.32,2.05,86.0,22.8,1.8,1,Angin Tenang
2022-03-18,1.41,2.9,87.0,22.9,23.1,1,Angin Tenang
2022-03-19,1.49,2.92,83.0,22.6,5.8,1,Angin Tenang
2022-03-20,1.66,3.53,77.0,23.2,1.5,1,Angin Tenang
2022-03-21,3.12,4.75,78.0,23.3,0.6,1,Angin Tenang
2022-03-22,2.16,3.44,83.0,22.5,11.6,1,Angin Tenang
2022-03-23,2.27,4.79,83.0,22.6,8.4,1,Angin Tenang
2022-03-24,1.76,4.27,78.0,23.3,0.1,1,Angin Tenang
2022-03-25,1.34,2.98,82.0,23.0,2.1,1,Angin Tenang
2022-03-26,1.27,4.4,88.0,22.3,10.7,1,Angin Tenang
2022-03-27,1.64,3.81,82.0,22.7,13.5,1,Angin Tenang
2022-03-28,1.82,4.65,80.0,23.2,3.6,1,Angin Tenang
2022-03-29,1.93,3.88,79.0,22.7,0.5,1,Angin Tenang
2022-03-30,1.57,3.64,83.0,22.7,5.2,1,Angin Tenang
2022-03-31,1.59,4.0,84.0,22.9,6.8,1,Angin Tenang
2022-04-01,1.47,3.86,83.0,22.9,3.8,1,Angin Tenang
2022-04-02,1.35,3.55,80.0,23.2,6.3,1,Angin Tenang
2022-04-03,1.58,3.11,83.0,22.6,18.5,1,Angin Tenang
2022-04-04,1.54,2.7,79.0,22.9,2.7,1,Angin Tenang
2022-04-05,1.14,2.77,83.0,22.3,0.7,1,Angin Tenang
2022-04-06,1.53,3.73,84.0,21.8,0.2,1,Angin Tenang
2022-04-07,1.44,2.56,81.0,22.0,0.3,1,Angin Tenang
2022-04-08,1.23,2.44,80.0,22.2,1.1,1,Angin Tenang
2022-04-09,1.2,1.62,80.0,22.2,2.3,1,Angin Tenang
2022-04-10,1.53,3.2,86.0,21.9,1.4,1,Angin Tenang
2022-04-11,1.44,2.86,84.0,22.6,2.2,1,Angin Tenang
2022-04-12,1.34,2.43,85.0,22.3,1.0,1,Angin Tenang
2022-04-13,1.52,3.14,81.0,22.2,2.2,1,Angin Tenang
2022-04-14,1.32,2.28,82.0,22.6,2.6,1,Angin Tenang
2022-04-15,1.21,3.83,85.0,22.9,14.3,1,Angin Tenang
2022-04-16,1.41,2.25,85.0,22.7,20.1,1,Angin Tenang
2022-04-17,1.25,2.25,82.0,23.2,11.5,1,Angin Tenang
2022-04-18,1.33,2.7,87.0,22.7,30.9,1,Angin Tenang
2022-04-19,1.21,3.09,83.0,22.9,11.0,1,Angin Tenang
2022-04-20,1.42,3.98,83.0,23.2,6.8,1,Angin Tenang
2022-04-21,1.19,2.35,88.0,21.9,8.9,1,Angin Tenang
2022-04-22,1.29,2.71,82.0,22.7,7.3,1,Angin Tenang
2022-04-23,1.33,2.94,86.0,22.6,20.4,1,Angin Tenang
2022-04-24,1.27,2.93,84.0,22.9,6.9,1,Angin Tenang
2022-04-25,1.49,2.56,83.0,22.8,4.1,1,Angin Tenang
2022-04-26,1.29,2.67,82.0,23.6,0.1,1,Angin Tenang
2022-04-27,1.67,4.59,85.0,23.4,2.7,1,Angin Tenang
2022-04-28,1.53,4.3,83.0,23.3,3.5,1,Angin Tenang
2022-04-29,1.4,2.4,82.0,22.8,9.4,1,Angin Tenang
2022-04-30,1.33,2.64,87.0,22.4,10.5,1,Angin Tenang
2022-05-01,1.44,2.94,87.0,22.3,6.0,1,Angin Tenang
2022-05-02,1.55,2.78,85.0,22.9,8.2,1,Angin Tenang
2022-05-03,1.56,2.55,74.0,24.0,0.5,1,Angin Tenang
2022-05-04,1.71,3.67,84.0,22.8,2.9,1,Angin Tenang
2022-05-05,1.45,2.48,81.0,23.7,1.5,1,Angin Tenang
2022-05-06,1.27,2.1,81.0,23.4,1.0,1,Angin Tenang
2022-05-07,1.37,2.56,83.0,23.3,3.0,1,Angin Tenang
2022-05-08,1.39,2.95,84.0,23.4,0.4,1,Angin Tenang
2022-05-09,1.52,2.75,84.0,23.8,1.0,1,Angin Tenang
2022-05-10,1.06,2.82,83.0,24.0,0.2,1,Angin Tenang
2022-05-11,1.61,3.42,86.0,23.6,1.6,1,Angin Tenang
2022-05-12,1.67,2.6,86.0,22.9,4.0,1,Angin Tenang
2022-05-13,1.33,2.51,78.0,24.6,0.0,1,Angin Tenang
2022-05-14,1.17,1.98,87.0,23.3,7.0,1,Angin Tenang
2022-05-15,1.6,3.1,87.0,22.8,8.6,1,Angin Tenang
2022-05-16,1.44,2.19,84.0,22.4,1.2,1,Angin Tenang
2022-05-17,1.52,2.26,81.0,23.3,0.3,1,Angin Tenang
2022-05-18,1.62,2.47,80.0,23.4,1.9,1,Angin Tenang
2022-05-19,1.46,3.61,85.0,22.3,1.9,1,Angin Tenang
2022-05-20,1.42,4.25,86.0,22.6,19.1,1,Angin Tenang
2022-05-21,1.36,2.82,87.0,22.2,20.5,1,Angin Tenang
2022-05-22,1.35,2.69,86.0,22.6,7.7,1,Angin Tenang
2022-05-23,1.31,2.44,83.0,23.1,0.9,1,Angin Tenang
2022-05-24,1.64,2.36,81.0,23.1,1.0,1,Angin Tenang
2022-05-25,1.36,2.66,86.0,22.2,14.2,1,Angin Tenang
2022-05-26,1.01,1.75,87.0,21.2,6.1,1,Angin Tenang
2022-05-27,1.3,2.88,80.0,22.5,6.0,1,Angin Tenang
2022-05-28,1.51,3.83,77.0,23.1,0.1,1,Angin Tenang
2022-05-29,1.57,4.02,77.0,22.9,0.2,1,Angin Tenang
2022-05-30,1.38,2.42,87.0,21.8,2.8,1,Angin Tenang
2022-05-31,1.49,3.73,83.0,22.2,1.7,1,Angin Tenang
2022-06-01,1.19,2.91,85.0,22.0,0.2,1,Angin Tenang
2022-06-02,1.31,2.71,86.0,21.9,0.9,1,Angin Tenang
2022-06-03,1.55,2.91,82.0,22.2,0.0,1,Angin Tenang
2022-06-04,1.26,2.91,86.0,21.9,2.2,1,Angin Tenang
2022-06-05,1.59,2.77,83.0,22.0,1.1,1,Angin Tenang
2022-06-06,1.42,2.12,85.0,21.9,11.8,1,Angin Tenang
2022-06-07,1.32,2.75,74.0,23.2,0.7,1,Angin Tenang
2022-06-08,1.29,2.02,88.0,21.6,10.5,1,Angin Tenang
2022-06-09,1.34,3.51,86.0,21.3,1.9,1,Angin Tenang
2022-06-10,1.57,3.18,81.0,22.2,0.4,1,Angin Tenang
2022-06-11,1.23,2.6,87.0,22.0,8.4,1,Angin Tenang
2022-06-12,1.24,2.82,86.0,21.9,2.4,1,Angin Tenang
2022-06-13,1.1,2.33,87.0,21.6,11.5,1,Angin Tenang
2022-06-14,1.21,2.45,84.0,22.0,3.3,1,Angin Tenang
2022-06-15,1.29,1.89,84.0,22.3,1.6,1,Angin Tenang
2022-06-16,1.31,2.2,84.0,22.0,1.9,1,Angin Tenang
2022-06-17,1.19,1.98,84.0,21.9,0.5,1,Angin Tenang
2022-06-18,1.33,3.24,84.0,21.6,0.6,1,Angin Tenang
2022-06-19,1.83,2.78,83.0,21.5,1.3,1,Angin Tenang
2022-06-20,1.74,2.66,84.0,22.1,1.6,1,Angin Tenang
2022-06-21,2.55,4.3,80.0,22.6,0.0,1,Angin Tenang
2022-06-22,2.14,3.48,83.0,22.4,1.7,1,Angin Tenang
2022-06-23,1.99,3.36,80.0,22.2,0.5,1,Angin Tenang
2022-06-24,2.95,4.44,85.0,21.9,5.7,1,Angin Tenang
2022-06-25,1.77,2.95,86.0,22.3,3.6,1,Angin Tenang
2022-06-26,1.85,3.33,86.0,22.0,4.9,1,Angin Tenang
2022-06-27,2.3,3.96,84.0,22.5,1.6,1,Angin Tenang
2022-06-28,2.63,4.22,79.0,22.5,0.3,1,Angin Tenang
2022-06-29,2.19,3.28,70.0,22.0,0.0,1,Angin Tenang
2022-06-30,1.96,3.31,69.0,21.3,0.0,1,Angin Tenang
2022-07-01,2.88,4.37,79.0,21.5,0.0,1,Angin Tenang
2022-07-02,2.1,3.42,82.0,22.8,1.3,1,Angin Tenang
2022-07-03,1.46,2.6,85.0,22.5,2.1,1,Angin Tenang
2022-07-04,1.33,2.0,79.0,23.1,2.3,1,Angin Tenang
2022-07-05,1.16,2.56,81.0,22.7,0.7,1,Angin Tenang
2022-07-06,1.25,2.51,85.0,22.2,0.6,1,Angin Tenang
2022-07-07,1.86,3.14,76.0,22.9,0.0,1,Angin Tenang
2022-07-08,1.72,2.64,75.0,22.0,0.0,1,Angin Tenang
2022-07-09,2.03,3.33,73.0,21.4,0.0,1,Angin Tenang
2022-07-10,2.49,4.57,80.0,21.3,1.7,1,Angin Tenang
2022-07-11,1.83,2.82,80.0,22.3,0.3,1,Angin Tenang
2022-07-12,2.22,3.72,83.0,22.9,4.1,1,Angin Tenang
2022-07-13,1.2,1.91,87.0,22.0,10.8,1,Angin Tenang
2022-07-14,1.18,2.12,80.0,23.2,0.3,1,Angin Tenang
2022-07-15,1.43,2.68,89.0,22.2,5.7,1,Angin Tenang
2022-07-16,1.26,3.05,88.0,21.6,16.1,1,Angin Tenang
2022-07-17,1.59,2.42,82.0,22.3,0.0,1,Angin Tenang
2022-07-18,1.61,2.41,81.0,22.7,0.0,1,Angin Tenang
2022-07-19,1.9,3.13,79.0,22.9,1.0,1,Angin Tenang
2022-07-20,1.5,2.64,83.0,22.7,1.4,1,Angin Tenang
2022-07-21,2.32,3.2,78.0,22.7,0.0,1,Angin Tenang
2022-07-22,2.18,3.22,84.0,22.5,2.9,1,Angin Tenang
2022-07-23,1.48,2.25,85.0,21.7,8.0,1,Angin Tenang
2022-07-24,2.63,3.69,80.0,22.7,1.8,1,Angin Tenang
2022-07-25,2.56,3.53,74.0,22.0,0.3,1,Angin Tenang
2022-07-26,2.06,2.91,73.0,22.4,1.4,1,Angin Tenang
2022-07-27,1.69,2.73,78.0,22.7,0.4,1,Angin Tenang
2022-07-28,1.4,2.13,79.0,22.7,0.8,1,Angin Tenang
2022-07-29,1.47,2.27,80.0,22.6,0.8,1,Angin Tenang
2022-07-30,1.5,3.2,80.0,22.9,0.0,1,Angin Tenang
2022-07-31,1.34,2.02,77.0,23.2,0.0,1,Angin Tenang
2022-08-01,1.57,2.92,77.0,22.9,0.0,1,Angin Tenang
2022-08-02,1.43,2.13,76.0,23.4,0.7,1,Angin Tenang
2022-08-03,1.19,3.34,78.0,23.5,1.3,1,Angin Tenang
2022-08-04,1.7,2.92,81.0,23.0,1.3,1,Angin Tenang
2022-08-05,1.91,2.8,70.0,22.6,0.0,1,Angin Tenang
2022-08-06,1.55,2.33,70.0,22.5,0.0,1,Angin Tenang
2022-08-07,2.48,4.18,75.0,22.5,0.1,1,Angin Tenang
2022-08-08,2.27,4.08,73.0,22.4,0.0,1,Angin Tenang
2022-08-09,1.63,2.73,72.0,22.3,1.4,1,Angin Tenang
2022-08-10,1.83,2.92,75.0,23.4,0.5,1,Angin Tenang
2022-08-11,1.7,2.6,76.0,23.8,0.6,1,Angin Tenang
2022-08-12,1.54,2.34,84.0,22.7,12.5,1,Angin Tenang
2022-08-13,1.42,2.47,83.0,22.2,7.8,1,Angin Tenang
2022-08-14,1.32,2.94,81.0,22.7,3.0,1,Angin Tenang
2022-08-15,1.46,2.63,84.0,22.1,0.2,1,Angin Tenang
2022-08-16,1.35,2.2,82.0,22.6,1.8,1,Angin Tenang
2022-08-17,3.29,4.52,77.0,23.0,0.1,1,Angin Tenang
2022-08-18,3.71,5.03,77.0,22.3,0.0,1,Angin Tenang
2022-08-19,2.85,4.13,75.0,23.6,0.4,1,Angin Tenang
2022-08-20,2.6,4.0,74.0,23.8,0.1,1,Angin Tenang
2022-08-21,1.55,2.95,81.0,22.6,10.1,1,Angin Tenang
2022-08-22,1.88,3.45,80.0,22.7,1.3,1,Angin Tenang
2022-08-23,2.13,3.11,75.0,23.1,0.1,1,Angin Tenang
2022-08-24,2.03,3.2,73.0,23.6,0.5,1,Angin Tenang
2022-08-25,3.05,3.69,72.0,22.8,0.0,1,Angin Tenang
2022-08-26,1.61,2.78,76.0,22.6,5.1,1,Angin Tenang
2022-08-27,2.07,3.1,82.0,22.4,0.9,1,Angin Tenang
2022-08-28,1.74,2.85,77.0,22.8,0.4,1,Angin Tenang
2022-08-29,2.14,3.5,77.0,22.6,1.7,1,Angin Tenang
2022-08-30,1.62,2.87,75.0,23.3,0.8,1,Angin Tenang
2022-08-31,1.29,2.06,76.0,23.6,1.5,1,Angin Tenang
2022-09-01,1.44,2.6,80.0,23.2,3.5,1,Angin Tenang
2022-09-02,1.49,2.81,82.0,22.8,4.5,1,Angin Tenang
2022-09-03,1.31,2.01,77.0,23.0,0.4,1,Angin Tenang
2022-09-04,1.5,2.25,74.0,23.5,0.2,1,Angin Tenang
2022-09-05,1.22,1.94,71.0,24.1,0.6,1,Angin Tenang
2022-09-06,1.08,2.79,81.0,23.2,4.3,1,Angin Tenang
2022-09-07,1.12,2.0,84.0,22.4,7.2,1,Angin Tenang
2022-09-08,1.42,2.6,89.0,21.3,45.9,0,Angin Ringan
2022-09-09,1.38,2.32,84.0,22.0,9.2,1,Angin Tenang
2022-09-10,1.15,2.16,86.0,21.7,35.9,1,Angin Tenang
2022-09-11,1.72,2.46,85.0,22.1,8.8,1,Angin Tenang
2022-09-12,1.42,2.8,85.0,21.7,5.9,1,Angin Tenang
2022-09-13,1.22,2.02,80.0,22.4,11.1,1,Angin Tenang
2022-09-14,2.2,2.96,77.0,22.5,1.3,1,Angin Tenang
2022-09-15,2.3,3.74,79.0,22.6,1.4,1,Angin Tenang
2022-09-16,1.67,2.7,85.0,21.9,12.5,1,Angin Tenang
2022-09-17,1.97,3.42,85.0,22.5,1.9,1,Angin Tenang
2022-09-18,2.12,3.54,78.0,23.3,0.5,1,Angin Tenang
2022-09-19,1.85,3.04,80.0,22.5,2.7,1,Angin Tenang
2022-09-20,1.82,2.79,77.0,22.7,0.8,1,Angin Tenang
2022-09-21,1.46,2.3,79.0,23.0,1.0,1,Angin Tenang
2022-09-22,1.61,4.17,84.0,22.5,7.7,1,Angin Tenang
2022-09-23,1.96,3.0,85.0,22.3,16.6,1,Angin Tenang
2022-09-24,2.5,4.08,73.0,23.8,0.0,1,Angin Tenang
2022-09-25,2.65,4.12,76.0,23.3,0.3,1,Angin Tenang
2022-09-26,2.96,4.61,77.0,22.8,0.4,1,Angin Tenang
2022-09-27,2.13,3.45,76.0,23.4,1.9,1,Angin Tenang
2022-09-28,1.86,2.98,75.0,23.1,1.7,1,Angin Tenang
2022-09-29,1.48,2.22,74.0,23.7,3.5,1,Angin Tenang
2022-09-30,1.75,2.32,84.0,22.4,19.6,1,Angin Tenang
2022-10-01,1.27,2.83,84.0,22.7,26.3,1,Angin Tenang
2022-10-02,1.24,3.41,87.0,22.4,31.3,1,Angin Tenang
2022-10-03,1.0,3.72,88.0,22.1,28.3,1,Angin Tenang
2022-10-04,1.47,3.11,85.0,22.5,2.2,1,Angin Tenang
2022-10-05,1.41,2.28,86.0,21.9,3.8,1,Angin Tenang
2022-10-06,1.37,2.79,86.0,22.1,16.0,1,Angin Tenang
2022-10-07,1.47,2.5,87.0,22.0,17.1,1,Angin Tenang
2022-10-08,1.61,2.62,87.0,21.7,7.1,1,Angin Tenang
2022-10-09,1.66,2.4,86.0,21.9,8.0,1,Angin Tenang
2022-10-10,1.42,2.25,85.0,22.1,1.4,1,Angin Tenang
2022-10-11,1.7,3.64,87.0,21.6,4.1,1,Angin Tenang
2022-10-12,1.53,2.78,83.0,22.3,2.2,1,Angin Tenang
2022-10-13,1.78,3.91,85.0,22.0,1.8,1,Angin Tenang
2022-10-14,1.48,2.36,84.0,22.7,7.7,1,Angin Tenang
2022-10-15,1.22,2.72,87.0,22.6,11.4,1,Angin Tenang
2022-10-16,1.5,2.28,79.0,23.5,1.0,1,Angin Tenang
2022-10-17,1.82,2.73,80.0,23.2,1.6,1,Angin Tenang
2022-10-18,1.4,3.14,84.0,22.6,3.2,1,Angin Tenang
2022-10-19,1.32,2.92,87.0,22.6,13.9,1,Angin Tenang
2022-10-20,1.41,2.82,87.0,22.6,38.2,0,Angin Ringan
2022-10-21,1.17,3.16,88.0,22.3,26.2,1,Angin Tenang
2022-10-22,1.16,3.1,85.0,22.9,31.8,1,Angin Tenang
2022-10-23,1.14,2.51,84.0,22.9,17.7,1,Angin Tenang
2022-10-24,1.7,4.41,81.0,22.4,4.2,1,Angin Tenang
2022-10-25,1.81,4.02,86.0,22.2,13.6,1,Angin Tenang
2022-10-26,1.07,2.51,87.0,22.0,42.3,0,Angin Ringan
2022-10-27,2.07,4.79,76.0,22.7,0.6,1,Angin Tenang
2022-10-28,2.37,4.66,74.0,22.3,0.1,1,Angin Tenang
2022-10-29,1.65,3.67,79.0,22.5,0.9,1,Angin Tenang
2022-10-30,1.64,3.22,78.0,22.8,0.0,1,Angin Tenang
2022-10-31,1.78,2.6,80.0,22.9,0.7,1,Angin Tenang
2022-11-01,1.61,3.52,77.0,23.2,1.6,1,Angin Tenang
2022-11-02,1.85,3.04,79.0,23.3,0.3,1,Angin Tenang
2022-11-03,1.16,2.33,81.0,23.3,0.4,1,Angin Tenang
2022-11-04,1.47,2.73,83.0,22.6,26.1,1,Angin Tenang
2022-11-05,1.29,2.45,85.0,22.5,14.0,1,Angin Tenang
2022-11-06,1.53,2.61,85.0,22.3,10.6,1,Angin Tenang
2022-11-07,0.99,3.11,87.0,22.2,18.4,1,Angin Tenang
2022-11-08,1.35,2.77,86.0,22.5,41.1,0,Angin Ringan
2022-11-09,1.31,2.62,86.0,22.1,12.5,1,Angin Tenang
2022-11-10,1.57,4.43,84.0,22.4,1.5,1,Angin Tenang
2022-11-11,1.42,2.18,85.0,22.3,2.1,1,Angin Tenang
2022-11-12,1.26,3.14,86.0,22.1,4.7,1,Angin Tenang
2022-11-13,1.2,2.01,89.0,22.0,9.6,1,Angin Tenang
2022-11-14,1.14,2.69,86.0,22.8,20.7,1,Angin Tenang
2022-11-15,1.4,3.51,85.0,22.8,5.9,1,Angin Tenang
2022-11-16,1.51,3.41,83.0,23.3,8.1,1,Angin Tenang
2022-11-17,1.43,3.69,88.0,21.6,14.5,1,Angin Tenang
2022-11-18,1.97,3.92,82.0,22.5,20.2,1,Angin Tenang
2022-11-19,3.06,5.1,80.0,22.9,3.4,1,Angin Tenang
2022-11-20,3.06,5.07,75.0,23.4,0.1,1,Angin Tenang
2022-11-21,1.69,4.48,74.0,23.2,0.5,1,Angin Tenang
2022-11-22,1.34,3.61,81.0,22.7,0.8,1,Angin Tenang
2022-11-23,1.59,3.49,82.0,22.9,1.9,1,Angin Tenang
2022-11-24,1.38,2.91,85.0,22.7,10.7,1,Angin Tenang
2022-11-25,1.22,3.2,87.0,22.1,4.2,1,Angin Tenang
2022-11-26,0.99,1.77,82.0,22.0,1.0,1,Angin Tenang
2022-11-27,1.32,3.68,84.0,22.2,9.3,1,Angin Tenang
2022-11-28,1.33,2.34,85.0,22.4,0.4,1,Angin Tenang
2022-11-29,1.52,3.54,81.0,22.7,0.2,1,Angin Tenang
2022-11-30,1.33,2.06,83.0,22.4,9.4,1,Angin Tenang
2022-12-01,1.47,3.05,83.0,22.7,2.5,1,Angin Tenang
2022-12-02,1.11,2.24,88.0,21.6,6.0,1,Angin Tenang
2022-12-03,1.38,2.22,84.0,22.4,0.6,1,Angin Tenang
2022-12-04,1.67,3.01,85.0,22.1,22.0,1,Angin Tenang
2022-12-05,1.38,2.87,87.0,21.8,21.6,1,Angin Tenang
2022-12-06,1.07,2.28,88.0,22.2,27.7,1,Angin Tenang
2022-12-07,1.05,2.9,87.0,22.5,43.6,0,Angin Ringan
2022-12-08,1.13,2.33,87.0,22.4,4.5,1,Angin Tenang
2022-12-09,1.68,4.2,84.0,22.2,1.7,1,Angin Tenang
2022-12-10,1.25,2.41,77.0,23.1,0.4,1,Angin Tenang
2022-12-11,1.66,3.0,82.0,22.1,2.1,1,Angin Tenang
2022-12-12,1.18,2.68,83.0,22.1,0.1,1,Angin Tenang
2022-12-13,1.36,2.57,84.0,22.3,7.7,1,Angin Tenang
2022-12-14,1.14,2.7,83.0,22.8,16.3,1,Angin Tenang
2022-12-15,1.47,2.91,83.0,22.6,9.4,1,Angin Tenang
2022-12-16,1.82,3.1,79.0,22.7,1.5,1,Angin Tenang
2022-12-17,1.8,4.0,77.0,23.1,0.5,1,Angin Tenang
2022-12-18,1.46,3.14,80.0,22.9,13.0,1,Angin Tenang
2022-12-19,1.48,3.2,80.0,23.0,0.5,1,Angin Tenang
2022-12-20,1.34,3.31,85.0,22.6,1.2,1,Angin Tenang
2022-12-21,2.04,5.2,84.0,22.7,4.5,1,Angin Tenang
2022-12-22,2.74,5.81,81.0,22.8,7.9,1,Angin Tenang
2022-12-23,3.74,5.83,83.0,22.0,2.9,1,Angin Tenang
2022-12-24,2.56,3.85,83.0,22.2,2.2,1,Angin Tenang
2022-12-25,2.78,4.39,84.0,22.1,0.9,1,Angin Tenang
2022-12-26,3.22,5.09,87.0,21.7,4.0,1,Angin Tenang
2022-12-27,2.66,4.03,88.0,21.1,22.2,1,Angin Tenang
2022-12-28,3.59,5.28,84.0,22.1,5.4,1,Angin Tenang
2022-12-29,3.43,5.1,89.0,21.6,21.7,1,Angin Tenang
2022-12-30,2.84,5.08,88.0,21.6,6.2,1,Angin Tenang
2022-12-31,3.51,6.19,88.0,21.6,2.7,1,Angin Tenang
2023-01-01,2.53,4.46,87.0,21.5,5.5,1,Angin Tenang
2023-01-02,3.67,5.3,83.0,22.4,1.3,1,Angin Tenang
2023-01-03,3.37,5.1,87.0,21.7,8.5,1,Angin Tenang
2023-01-04,2.5,3.89,85.0,21.9,5.2,1,Angin Tenang
2023-01-05,2.85,4.72,79.0,22.4,2.2,1,Angin Tenang
2023-01-06,3.28,6.14,72.0,23.4,0.1,1,Angin Tenang
2023-01-07,2.42,5.35,79.0,22.8,1.7,1,Angin Tenang
2023-01-08,1.93,4.26,82.0,22.2,1.4,1,Angin Tenang
2023-01-09,1.96,3.96,83.0,22.3,1.0,1,Angin Tenang
2023-01-10,1.61,2.8,83.0,22.4,1.0,1,Angin Tenang
2023-01-11,1.39,3.4,78.0,22.9,0.8,1,Angin Tenang
2023-01-12,1.68,3.42,84.0,22.2,1.5,1,Angin Tenang
2023-01-13,1.76,3.26,83.0,22.2,0.8,1,Angin Tenang
2023-01-14,1.63,3.27,81.0,22.4,0.5,1,Angin Tenang
2023-01-15,1.72,3.45,81.0,22.8,0.8,1,Angin Tenang
2023-01-16,2.01,4.44,78.0,23.2,2.1,1,Angin Tenang
2023-01-17,1.66,3.4,85.0,22.2,1.4,1,Angin Tenang
2023-01-18,1.31,2.33,88.0,21.6,7.9,1,Angin Tenang
2023-01-19,1.32,2.51,85.0,22.2,8.3,1,Angin Tenang
2023-01-20,1.42,3.7,87.0,21.7,11.2,1,Angin Tenang
2023-01-21,1.86,4.27,83.0,22.2,1.4,1,Angin Tenang
2023-01-22,2.25,3.89,81.0,22.5,10.9,1,Angin Tenang
2023-01-23,2.22,3.2,83.0,22.5,3.5,1,Angin Tenang
2023-01-24,2.59,4.3,80.0,22.6,0.7,1,Angin Tenang
2023-01-25,3.03,4.63,89.0,21.3,26.8,1,Angin Tenang
2023-01-26,2.37,3.71,83.0,22.1,3.9,1,Angin Tenang
2023-01-27,1.84,4.1,87.0,22.1,7.5,1,Angin Tenang
2023-01-28,2.02,4.33,87.0,21.7,8.5,1,Angin Tenang
2023-01-29,2.33,4.94,84.0,22.4,3.1,1,Angin Tenang
2023-01-30,2.45,3.99,85.0,22.3,1.2,1,Angin Tenang
2023-01-31,2.88,5.07,80.0,22.8,0.2,1,Angin Tenang
2023-02-01,2.04,3.58,83.0,22.2,6.7,1,Angin Tenang
2023-02-02,2.35,4.27,84.0,22.3,6.2,1,Angin Tenang
2023-02-03,2.34,3.89,82.0,22.1,1.8,1,Angin Tenang
2023-02-04,2.73,4.62,81.0,22.1,1.4,1,Angin Tenang
2023-02-05,3.49,6.45,70.0,22.9,0.6,1,Angin Tenang
2023-02-06,3.38,5.25,73.0,23.1,0.2,1,Angin Tenang
2023-02-07,2.16,4.13,85.0,22.4,9.8,1,Angin Tenang
2023-02-08,2.6,4.15,79.0,22.9,5.7,1,Angin Tenang
2023-02-09,3.33,5.09,83.0,22.0,14.0,1,Angin Tenang
2023-02-10,3.01,5.1,85.0,22.3,16.9,1,Angin Tenang
2023-02-11,2.48,4.69,87.0,21.9,3.7,1,Angin Tenang
2023-02-12,2.52,4.65,88.0,21.5,31.4,1,Angin Tenang
2023-02-13,3.49,6.31,79.0,22.6,5.8,1,Angin Tenang
2023-02-14,4.01,5.7,82.0,22.2,0.9,1,Angin Tenang
2023-02-15,4.05,5.38,82.0,22.4,0.9,1,Angin Tenang
2023-02-16,3.28,4.83,83.0,22.3,2.7,1,Angin Tenang
2023-02-17,1.72,2.79,90.0,21.7,5.6,1,Angin Tenang
2023-02-18,2.0,3.4,85.0,22.1,1.9,1,Angin Tenang
2023-02-19,2.43,4.52,83.0,22.1,0.8,1,Angin Tenang
2023-02-20,2.89,4.76,82.0,22.3,2.8,1,Angin Tenang
2023-02-21,2.56,4.16,84.0,22.3,2.8,1,Angin Tenang
2023-02-22,2.6,4.57,86.0,22.0,3.0,1,Angin Tenang
2023-02-23,2.25,4.22,87.0,22.0,3.7,1,Angin Tenang
2023-02-24,2.09,4.24,89.0,21.5,31.6,1,Angin Tenang
2023-02-25,3.02,5.28,87.0,22.0,5.7,1,Angin Tenang
2023-02-26,2.86,4.35,85.0,22.0,2.4,1,Angin Tenang
2023-02-27,3.43,5.74,86.0,21.4,6.3,1,Angin Tenang
2023-02-28,2.91,4.57,88.0,21.1,13.7,1,Angin Tenang
2023-03-01,3.78,5.48,84.0,22.1,1.7,1,Angin Tenang
2023-03-02,3.39,4.44,89.0,21.1,15.8,1,Angin Tenang
2023-03-03,3.45,5.49,79.0,22.5,0.8,1,Angin Tenang
2023-03-04,2.47,4.52,83.0,21.9,3.5,1,Angin Tenang
2023-03-05,3.04,4.96,81.0,22.1,0.7,1,Angin Tenang
2023-03-06,2.02,4.34,79.0,22.6,0.6,1,Angin Tenang
2023-03-07,1.57,3.71,77.0,23.2,1.4,1,Angin Tenang
2023-03-08,1.14,3.29,85.0,22.4,3.9,1,Angin Tenang
2023-03-09,1.28,2.78,88.0,21.9,36.4,1,Angin Tenang
2023-03-10,1.33,2.32,88.0,21.7,13.4,1,Angin Tenang
2023-03-11,1.56,3.16,82.0,22.6,1.2,1,Angin Tenang
2023-03-12,1.88,3.64,79.0,22.7,0.1,1,Angin Tenang
2023-03-13,1.6,2.97,78.0,22.6,0.0,1,Angin Tenang
2023-03-14,1.59,4.14,84.0,22.1,1.9,1,Angin Tenang
2023-03-15,1.25,2.48,83.0,22.6,4.3,1,Angin Tenang
2023-03-16,1.12,2.05,79.0,23.4,2.4,1,Angin Tenang
2023-03-17,1.37,2.8,88.0,21.9,13.0,1,Angin Tenang
2023-03-18,1.44,2.5,78.0,23.1,1.8,1,Angin Tenang
2023-03-19,1.54,2.62,85.0,22.4,12.8,1,Angin Tenang
2023-03-20,1.4,3.71,88.0,21.5,8.9,1,Angin Tenang
2023-03-21,1.46,3.05,80.0,23.3,2.3,1,Angin Tenang
2023-03-22,1.17,2.44,84.0,23.2,8.7,1,Angin Tenang
2023-03-23,1.09,3.2,87.0,23.1,13.5,1,Angin Tenang
2023-03-24,1.4,3.0,81.0,23.3,1.7,1,Angin Tenang
2023-03-25,1.05,2.95,86.0,22.5,4.3,1,Angin Tenang
2023-03-26,1.44,3.09,84.0,23.0,6.6,1,Angin Tenang
2023-03-27,1.54,2.73,85.0,22.4,4.0,1,Angin Tenang
2023-03-28,1.42,3.41,82.0,23.0,0.9,1,Angin Tenang
2023-03-29,1.63,4.11,87.0,22.2,17.8,1,Angin Tenang
2023-03-30,1.88,3.6,80.0,22.8,12.2,1,Angin Tenang
2023-03-31,2.5,4.4,80.0,22.8,0.4,1,Angin Tenang
2023-04-01,1.79,3.92,80.0,22.6,0.3,1,Angin Tenang
2023-04-02,1.5,3.42,81.0,22.4,2.0,1,Angin Tenang
2023-04-03,1.75,4.61,77.0,22.8,1.5,1,Angin Tenang
2023-04-04,2.01,3.95,75.0,22.2,0.0,1,Angin Tenang
2023-04-05,1.73,3.82,76.0,22.4,0.0,1,Angin Tenang
2023-04-06,2.04,4.06,71.0,22.6,0.0,1,Angin Tenang
2023-04-07,1.67,3.13,80.0,21.9,0.0,1,Angin Tenang
2023-04-08,1.98,4.03,77.0,22.5,0.0,1,Angin Tenang
2023-04-09,1.94,4.1,81.0,22.3,0.9,1,Angin Tenang
2023-04-10,2.63,4.4,80.0,22.8,2.0,1,Angin Tenang
2023-04-11,1.72,4.06,81.0,23.0,1.4,1,Angin Tenang
2023-04-12,1.74,3.3,86.0,22.4,6.5,1,Angin Tenang
2023-04-13,1.32,2.85,82.0,23.1,1.2,1,Angin Tenang
2023-04-14,1.24,2.77,88.0,22.2,3.2,1,Angin Tenang
2023-04-15,1.45,3.67,87.0,22.3,3.1,1,Angin Tenang
2023-04-16,1.29,2.6,85.0,22.8,0.6,1,Angin Tenang
2023-04-17,1.23,2.87,81.0,23.8,1.4,1,Angin Tenang
2023-04-18,1.09,2.2,83.0,23.7,2.8,1,Angin Tenang
2023-04-19,1.5,2.62,85.0,23.0,9.9,1,Angin Tenang
2023-04-20,1.54,2.72,83.0,23.0,0.9,1,Angin Tenang
2023-04-21,1.36,2.2,85.0,22.6,8.2,1,Angin Tenang
2023-04-22,1.58,2.76,85.0,22.9,7.8,1,Angin Tenang
2023-04-23,1.52,2.85,87.0,22.5,4.0,1,Angin Tenang
2023-04-24,1.6,2.91,86.0,22.3,11.2,1,Angin Tenang
2023-04-25,1.43,3.05,84.0,22.9,9.5,1,Angin Tenang
2023-04-26,1.14,3.76,86.0,22.2,0.8,1,Angin Tenang
2023-04-27,1.42,2.83,83.0,23.2,2.5,1,Angin Tenang
2023-04-28,1.29,2.62,84.0,23.2,6.2,1,Angin Tenang
2023-04-29,1.56,3.76,82.0,23.3,6.4,1,Angin Tenang
2023-04-30,1.2,2.51,83.0,23.8,7.2,1,Angin Tenang
2023-05-01,1.54,4.22,86.0,23.3,4.6,1,Angin Tenang
2023-05-02,1.18,2.55,82.0,23.7,2.1,1,Angin Tenang
2023-05-03,1.19,2.95,87.0,23.2,3.4,1,Angin Tenang
2023-05-04,1.2,2.42,89.0,23.0,67.1,0,Angin Ringan
2023-05-05,1.25,2.06,86.0,23.4,19.4,1,Angin Tenang
2023-05-06,1.41,2.92,87.0,22.7,24.8,1,Angin Tenang
2023-05-07,1.12,2.5,88.0,22.6,15.9,1,Angin Tenang
2023-05-08,1.28,2.3,88.0,22.9,24.6,1,Angin Tenang
2023-05-09,1.24,2.59,86.0,22.9,0.8,1,Angin Tenang
2023-05-10,1.48,2.6,85.0,23.1,3.0,1,Angin Tenang
2023-05-11,2.34,3.9,83.0,23.4,0.5,1,Angin Tenang
2023-05-12,2.29,3.4,79.0,23.7,1.7,1,Angin Tenang
2023-05-13,2.15,4.38,85.0,22.9,3.9,1,Angin Tenang
2023-05-14,3.15,4.12,77.0,22.1,0.0,1,Angin Tenang
2023-05-15,2.16,3.47,82.0,22.1,2.1,1,Angin Tenang
2023-05-16,1.65,2.86,81.0,22.7,0.9,1,Angin Tenang
2023-05-17,1.64,2.5,83.0,22.6,2.0,1,Angin Tenang
2023-05-18,1.56,2.92,85.0,22.4,2.4,1,Angin Tenang
2023-05-19,1.37,2.68,85.0,22.5,5.4,1,Angin Tenang
2023-05-20,1.55,2.4,84.0,22.6,0.4,1,Angin Tenang
2023-05-21,1.75,2.58,77.0,23.3,0.0,1,Angin Tenang
2023-05-22,1.89,3.0,77.0,22.7,0.0,1,Angin Tenang
2023-05-23,1.67,2.42,79.0,22.7,0.0,1,Angin Tenang
2023-05-24,1.65,2.62,83.0,22.7,0.4,1,Angin Tenang
2023-05-25,1.84,2.61,74.0,23.3,0.0,1,Angin Tenang
2023-05-26,2.11,2.75,73.0,23.1,0.0,1,Angin Tenang
2023-05-27,1.76,3.44,80.0,23.1,0.4,1,Angin Tenang
2023-05-28,1.83,3.02,78.0,23.5,0.3,1,Angin Tenang
2023-05-29,1.42,2.73,84.0,22.8,1.1,1,Angin Tenang
2023-05-30,1.71,2.94,73.0,23.8,0.0,1,Angin Tenang
2023-05-31,1.88,2.55,74.0,23.0,0.0,1,Angin Tenang
2023-06-01,1.81,2.48,76.0,23.3,0.0,1,Angin Tenang
2023-06-02,2.1,3.31,77.0,23.8,0.0,1,Angin Tenang
2023-06-03,1.63,2.25,79.0,23.6,0.0,1,Angin Tenang
2023-06-04,1.45,2.28,78.0,23.6,0.2,1,Angin Tenang
2023-06-05,1.17,2.12,79.0,23.6,0.1,1,Angin Tenang
2023-06-06,1.18,2.11,88.0,22.4,27.6,1,Angin Tenang
2023-06-07,2.14,3.23,84.0,23.0,3.3,1,Angin Tenang
2023-06-08,1.66,2.55,83.0,23.1,1.7,1,Angin Tenang
2023-06-09,1.72,2.77,82.0,22.4,2.9,1,Angin Tenang
2023-06-10,2.17,3.58,76.0,23.0,0.0,1,Angin Tenang
2023-06-11,2.1,3.58,71.0,22.7,0.0,1,Angin Tenang
2023-06-12,2.0,2.86,82.0,22.8,1.8,1,Angin Tenang
2023-06-13,1.96,2.91,83.0,23.8,1.3,1,Angin Tenang
2023-06-14,1.84,3.23,83.0,23.0,1.9,1,Angin Tenang
2023-06-15,1.44,2.33,82.0,22.7,3.4,1,Angin Tenang
2023-06-16,1.37,2.41,89.0,21.7,18.3,1,Angin Tenang
2023-06-17,1.26,2.72,81.0,23.1,0.9,1,Angin Tenang
2023-06-18,1.24,2.26,82.0,22.7,1.6,1,Angin Tenang
2023-06-19,1.4,3.68,88.0,21.8,5.9,1,Angin Tenang
2023-06-20,1.48,2.91,84.0,22.2,1.1,1,Angin Tenang
2023-06-21,1.91,3.72,80.0,23.0,0.6,1,Angin Tenang
2023-06-22,1.98,3.32,78.0,23.6,0.2,1,Angin Tenang
2023-06-23,1.69,3.01,79.0,23.1,0.0,1,Angin Tenang
2023-06-24,1.33,2.87,84.0,22.7,0.4,1,Angin Tenang
2023-06-25,1.33,3.09,83.0,23.2,0.2,1,Angin Tenang
2023-06-26,1.71,2.94,82.0,22.3,0.0,1,Angin Tenang
2023-06-27,1.79,2.88,76.0,22.8,0.0,1,Angin Tenang
2023-06-28,2.21,3.11,79.0,22.8,0.6,1,Angin Tenang
2023-06-29,2.56,3.64,78.0,23.2,0.0,1,Angin Tenang
2023-06-30,1.81,2.64,75.0,23.1,0.0,1,Angin Tenang
2023-07-01,1.26,2.27,77.0,23.0,0.0,1,Angin Tenang
2023-07-02,1.55,2.33,74.0,22.9,0.0,1,Angin Tenang
2023-07-03,1.36,1.93,78.0,22.9,0.8,1,Angin Tenang
2023-07-04,1.18,2.51,84.0,22.8,8.1,1,Angin Tenang
2023-07-05,1.35,2.53,83.0,22.7,2.9,1,Angin Tenang
2023-07-06,1.37,2.47,88.0,21.7,14.1,1,Angin Tenang
2023-07-07,1.6,3.09,88.0,21.6,8.3,1,Angin Tenang
2023-07-08,1.85,3.51,86.0,22.1,17.6,1,Angin Tenang
2023-07-09,1.41,2.6,82.0,22.3,2.4,1,Angin Tenang
2023-07-10,1.42,2.56,84.0,21.6,3.0,1,Angin Tenang
2023-07-11,1.64,3.1,76.0,21.7,0.4,1,Angin Tenang
2023-07-12,2.32,3.14,75.0,21.8,0.0,1,Angin Tenang
2023-07-13,2.22,3.2,77.0,21.8,0.0,1,Angin Tenang
2023-07-14,2.59,4.7,81.0,22.3,0.9,1,Angin Tenang
2023-07-15,1.58,2.92,78.0,22.8,0.5,1,Angin Tenang
2023-07-16,1.85,3.23,80.0,22.3,0.0,1,Angin Tenang
2023-07-17,2.08,2.78,80.0,21.6,0.0,1,Angin Tenang
2023-07-18,1.68,2.92,76.0,21.4,0.0,1,Angin Tenang
2023-07-19,3.38,4.85,76.0,21.2,0.0,1,Angin Tenang
2023-07-20,2.84,3.81,72.0,21.2,0.0,1,Angin Tenang
2023-07-21,2.53,3.68,77.0,21.6,0.0,1,Angin Tenang
2023-07-22,2.06,3.22,77.0,22.2,0.8,1,Angin Tenang
2023-07-23,1.73,2.68,77.0,22.8,0.0,1,Angin Tenang
2023-07-24,1.41,2.95,83.0,22.5,0.4,1,Angin Tenang
2023-07-25,1.13,1.77,85.0,21.8,4.1,1,Angin Tenang
2023-07-26,1.51,2.02,81.0,22.4,0.0,1,Angin Tenang
2023-07-27,1.99,2.58,72.0,22.1,0.0,1,Angin Tenang
2023-07-28,2.31,3.77,68.0,21.9,0.0,1,Angin Tenang
2023-07-29,2.21,3.08,70.0,21.6,0.0,1,Angin Tenang
2023-07-30,2.82,4.2,71.0,21.2,0.0,1,Angin Tenang
2023-07-31,2.13,3.62,70.0,21.4,0.0,1,Angin Tenang
2023-08-01,1.5,2.31,72.0,22.0,0.0,1,Angin Tenang
2023-08-02,1.28,3.06,76.0,22.3,8.0,1,Angin Tenang
2023-08-03,1.29,2.33,81.0,22.9,4.1,1,Angin Tenang
2023-08-04,1.91,3.85,78.0,23.1,0.0,1,Angin Tenang
2023-08-05,2.3,2.88,72.0,22.5,0.0,1,Angin Tenang
2023-08-06,1.37,2.3,75.0,22.2,1.0,1,Angin Tenang
2023-08-07,1.32,2.2,80.0,22.1,0.9,1,Angin Tenang
2023-08-08,1.61,2.82,76.0,22.8,0.0,1,Angin Tenang
2023-08-09,1.85,2.66,73.0,23.1,0.0,1,Angin Tenang
2023-08-10,1.48,2.86,76.0,22.8,0.0,1,Angin Tenang
2023-08-11,1.91,2.92,65.0,22.4,0.0,1,Angin Tenang
2023-08-12,1.99,3.01,59.0,21.5,0.0,1,Angin Tenang
2023-08-13,1.91,3.41,63.0,22.1,0.0,1,Angin Tenang
2023-08-14,2.03,3.95,64.0,22.0,0.0,1,Angin Tenang
2023-08-15,1.73,2.7,70.0,22.2,0.0,1,Angin Tenang
2023-08-16,2.25,3.83,64.0,22.9,0.0,1,Angin Tenang
2023-08-17,2.5,3.34,70.0,22.5,0.0,1,Angin Tenang
2023-08-18,1.95,3.19,70.0,22.7,0.2,1,Angin Tenang
2023-08-19,1.67,3.5,71.0,23.2,0.0,1,Angin Tenang
2023-08-20,1.64,3.16,70.0,23.5,0.0,1,Angin Tenang
2023-08-21,2.15,3.85,64.0,22.9,0.0,1,Angin Tenang
2023-08-22,2.24,3.96,70.0,22.3,0.0,1,Angin Tenang
2023-08-23,2.18,3.23,74.0,22.4,3.8,1,Angin Tenang
2023-08-24,1.72,2.46,71.0,23.4,0.7,1,Angin Tenang
2023-08-25,2.02,3.62,67.0,23.9,0.0,1,Angin Tenang
2023-08-26,1.85,2.6,68.0,23.7,0.0,1,Angin Tenang
2023-08-27,1.7,3.05,75.0,23.2,0.5,1,Angin Tenang
2023-08-28,1.45,2.79,79.0,22.1,3.0,1,Angin Tenang
2023-08-29,1.61,2.86,72.0,23.6,0.2,1,Angin Tenang
2023-08-30,1.72,3.0,66.0,23.4,0.0,1,Angin Tenang
2023-08-31,1.94,3.51,64.0,23.0,0.0,1,Angin Tenang
2023-09-01,2.02,3.18,62.0,23.3,0.0,1,Angin Tenang
2023-09-02,2.01,4.31,68.0,22.6,0.0,1,Angin Tenang
2023-09-03,2.56,3.94,58.0,22.6,0.0,1,Angin Tenang
2023-09-04,2.54,3.76,63.0,22.0,0.0,1,Angin Tenang
2023-09-05,2.19,2.75,63.0,22.7,0.0,1,Angin Tenang
2023-09-06,2.52,4.22,64.0,22.7,0.0,1,Angin Tenang
2023-09-07,1.49,2.46,67.0,23.6,1.8,1,Angin Tenang
2023-09-08,1.6,2.69,69.0,24.2,0.6,1,Angin Tenang
2023-09-09,1.65,3.34,71.0,23.4,0.8,1,Angin Tenang
2023-09-10,1.47,2.61,63.0,24.2,0.0,1,Angin Tenang
2023-09-11,2.0,3.77,60.0,23.8,0.0,1,Angin Tenang
2023-09-12,2.79,4.5,65.0,24.2,0.0,1,Angin Tenang
2023-09-13,3.16,4.13,60.0,23.0,0.0,1,Angin Tenang
2023-09-14,2.77,3.96,70.0,22.3,0.1,1,Angin Tenang
2023-09-15,3.0,4.4,63.0,23.0,0.0,1,Angin Tenang
2023-09-16,1.62,3.1,74.0,22.9,2.7,1,Angin Tenang
2023-09-17,1.87,3.49,73.0,23.6,1.9,1,Angin Tenang
2023-09-18,1.99,2.85,66.0,24.1,0.1,1,Angin Tenang
2023-09-19,1.61,2.79,69.0,23.6,0.8,1,Angin Tenang
2023-09-20,1.4,2.14,70.0,23.7,4.0,1,Angin Tenang
2023-09-21,2.13,4.08,69.0,24.1,0.0,1,Angin Tenang
2023-09-22,1.62,3.09,65.0,23.1,0.0,1,Angin Tenang
2023-09-23,2.28,4.24,59.0,23.2,0.0,1,Angin Tenang
2023-09-24,1.75,3.45,60.0,23.8,0.0,1,Angin Tenang
2023-09-25,2.66,4.21,67.0,23.7,1.0,1,Angin Tenang
2023-09-26,3.53,4.39,56.0,23.7,0.0,1,Angin Tenang
2023-09-27,3.14,6.03,59.0,23.8,0.0,1,Angin Tenang
2023-09-28,2.19,3.76,55.0,24.7,0.0,1,Angin Tenang
2023-09-29,1.55,3.23,56.0,25.3,0.0,1,Angin Tenang
2023-09-30,2.41,4.39,47.0,24.9,0.0,1,Angin Tenang
2023-10-01,2.43,4.51,47.0,24.2,0.0,1,Angin Tenang
2023-10-02,2.5,4.22,50.0,23.9,0.0,1,Angin Tenang
2023-10-03,2.11,4.39,59.0,24.4,0.7,1,Angin Tenang
2023-10-04,1.94,4.49,72.0,24.3,1.0,1,Angin Tenang
2023-10-05,1.36,2.1,68.0,24.8,1.6,1,Angin Tenang
2023-10-06,2.12,3.21,68.0,24.8,1.0,1,Angin Tenang
2023-10-07,2.28,4.03,64.0,25.1,0.1,1,Angin Tenang
2023-10-08,1.76,2.95,64.0,25.5,3.2,1,Angin Tenang
2023-10-09,1.62,2.52,67.0,24.7,2.9,1,Angin Tenang
2023-10-10,1.15,2.11,73.0,24.0,3.3,1,Angin Tenang
2023-10-11,1.84,3.94,56.0,24.7,0.0,1,Angin Tenang
2023-10-12,1.85,3.42,49.0,24.9,0.0,1,Angin Tenang
2023-10-13,2.23,3.76,55.0,25.2,0.0,1,Angin Tenang
2023-10-14,2.2,4.18,61.0,25.3,0.0,1,Angin Tenang
2023-10-15,1.54,3.55,62.0,25.1,1.0,1,Angin Tenang
2023-10-16,1.95,3.54,66.0,25.2,0.2,1,Angin Tenang
2023-10-17,2.23,3.9,63.0,25.7,0.8,1,Angin Tenang
2023-10-18,1.93,4.24,54.0,25.9,0.0,1,Angin Tenang
2023-10-19,2.23,4.51,58.0,25.1,0.0,1,Angin Tenang
2023-10-20,1.43,2.64,69.0,24.7,4.4,1,Angin Tenang
2023-10-21,1.13,3.23,71.0,24.7,3.6,1,Angin Tenang
2023-10-22,1.15,3.47,71.0,24.4,0.7,1,Angin Tenang
2023-10-23,1.28,3.11,65.0,24.5,0.1,1,Angin Tenang
2023-10-24,1.2,2.51,72.0,23.9,10.1,1,Angin Tenang
2023-10-25,1.58,3.18,70.0,24.2,0.8,1,Angin Tenang
2023-10-26,1.64,3.16,66.0,25.2,0.2,1,Angin Tenang
2023-10-27,2.21,4.0,58.0,25.7,0.0,1,Angin Tenang
2023-10-28,2.57,4.41,55.0,25.7,0.0,1,Angin Tenang
2023-10-29,2.38,4.1,64.0,25.3,0.1,1,Angin Tenang
2023-10-30,1.59,3.19,59.0,25.4,0.2,1,Angin Tenang
2023-10-31,1.35,2.51,67.0,25.3,0.5,1,Angin Tenang
2023-11-01,1.45,3.8,71.0,24.7,8.2,1,Angin Tenang
2023-11-02,1.63,2.73,69.0,24.6,2.1,1,Angin Tenang
2023-11-03,1.34,2.88,73.0,24.0,4.8,1,Angin Tenang
2023-11-04,1.42,3.57,78.0,23.7,2.1,1,Angin Tenang
2023-11-05,1.71,3.12,80.0,23.5,2.8,1,Angin Tenang
2023-11-06,1.4,1.99,72.0,25.0,0.8,1,Angin Tenang
2023-11-07,1.38,2.38,67.0,25.6,0.7,1,Angin Tenang
2023-11-08,1.19,2.08,69.0,25.8,0.2,1,Angin Tenang
2023-11-09,1.57,2.92,70.0,25.3,0.6,1,Angin Tenang
2023-11-10,1.69,4.48,68.0,25.2,0.0,1,Angin Tenang
2023-11-11,1.21,2.36,80.0,23.8,19.7,1,Angin Tenang
2023-11-12,1.16,2.97,81.0,23.5,30.7,1,Angin Tenang
2023-11-13,1.37,2.73,75.0,24.1,2.8,1,Angin Tenang
2023-11-14,1.26,2.33,81.0,23.6,8.9,1,Angin Tenang
2023-11-15,1.25,2.64,80.0,24.1,1.8,1,Angin Tenang
2023-11-16,1.27,2.38,81.0,23.2,9.0,1,Angin Tenang
2023-11-17,1.39,3.24,78.0,24.1,0.5,1,Angin Tenang
2023-11-18,1.44,2.76,74.0,24.8,0.4,1,Angin Tenang
2023-11-19,1.76,3.0,68.0,24.3,0.0,1,Angin Tenang
2023-11-20,1.57,2.7,70.0,24.4,0.9,1,Angin Tenang
2023-11-21,1.85,3.55,81.0,23.7,7.4,1,Angin Tenang
2023-11-22,1.78,3.22,81.0,23.7,16.2,1,Angin Tenang
2023-11-23,1.61,3.16,79.0,23.7,15.8,1,Angin Tenang
2023-11-24,1.48,3.32,82.0,23.2,6.8,1,Angin Tenang
2023-11-25,1.53,2.83,83.0,22.8,7.6,1,Angin Tenang
2023-11-26,1.7,4.02,80.0,23.1,3.4,1,Angin Tenang
2023-11-27,1.3,2.47,83.0,22.8,5.4,1,Angin Tenang
2023-11-28,1.24,2.6,85.0,22.8,12.8,1,Angin Tenang
2023-11-29,1.41,3.08,83.0,23.6,7.2,1,Angin Tenang
2023-11-30,1.39,3.26,88.0,22.6,41.0,0,Angin Ringan
2023-12-01,1.25,2.21,88.0,22.2,12.7,1,Angin Tenang
2023-12-02,1.38,2.1,77.0,23.6,2.5,1,Angin Tenang
2023-12-03,1.31,2.41,85.0,22.7,15.7,1,Angin Tenang
2023-12-04,1.38,2.25,88.0,22.2,6.9,1,Angin Tenang
2023-12-05,1.44,2.42,80.0,23.7,3.1,1,Angin Tenang
2023-12-06,1.3,2.91,83.0,22.8,10.9,1,Angin Tenang
2023-12-07,1.4,2.33,78.0,23.9,0.1,1,Angin Tenang
2023-12-08,1.32,3.01,84.0,23.5,1.9,1,Angin Tenang
2023-12-09,1.55,2.85,84.0,23.2,2.3,1,Angin Tenang
2023-12-10,1.31,2.62,85.0,23.1,15.0,1,Angin Tenang
2023-12-11,1.74,3.86,82.0,23.3,1.0,1,Angin Tenang
2023-12-12,1.63,3.41,80.0,23.3,0.9,1,Angin Tenang
2023-12-13,1.59,4.14,77.0,24.1,0.1,1,Angin Tenang
2023-12-14,1.63,3.14,81.0,23.5,2.3,1,Angin Tenang
2023-12-15,1.82,3.3,75.0,24.4,0.0,1,Angin Tenang
2023-12-16,1.72,3.18,77.0,24.3,0.2,1,Angin Tenang
2023-12-17,1.27,2.41,79.0,24.0,2.0,1,Angin Tenang
2023-12-18,1.23,2.8,79.0,24.0,3.7,1,Angin Tenang
2023-12-19,1.84,3.61,73.0,24.0,0.0,1,Angin Tenang
2023-12-20,1.65,3.42,69.0,23.1,0.0,1,Angin Tenang
2023-12-21,1.84,3.92,69.0,23.6,0.0,1,Angin Tenang
2023-12-22,1.53,2.92,75.0,23.6,0.2,1,Angin Tenang
2023-12-23,1.34,1.84,76.0,24.4,0.2,1,Angin Tenang
2023-12-24,1.3,3.44,77.0,24.4,3.7,1,Angin Tenang
2023-12-25,1.18,3.52,87.0,22.8,36.2,0,Angin Ringan
2023-12-26,1.04,2.95,85.0,23.0,20.0,1,Angin Tenang
2023-12-27,1.23,2.51,86.0,22.8,8.7,1,Angin Tenang
2023-12-28,1.34,4.21,79.0,24.2,1.1,1,Angin Tenang
2023-12-29,1.57,4.17,84.0,23.7,16.7,1,Angin Tenang
2023-12-30,1.2,2.77,85.0,23.2,14.5,1,Angin Tenang
2023-12-31,1.28,3.16,86.0,23.0,2.8,1,Angin Tenang
2024-01-01,1.39,2.5,86.0,23.0,20.7,1,Angin Tenang
2024-01-02,1.39,3.75,86.0,23.2,0.4,1,Angin Tenang
2024-01-03,1.29,2.56,89.0,22.8,21.5,1,Angin Tenang
2024-01-04,0.96,2.0,89.0,22.3,14.3,1,Angin Tenang
2024-01-05,1.2,3.31,83.0,23.3,27.8,1,Angin Tenang
2024-01-06,1.21,4.46,86.0,23.0,17.5,1,Angin Tenang
2024-01-07,1.19,2.77,89.0,22.6,58.6,0,Angin Ringan
2024-01-08,1.08,2.91,86.0,23.0,20.5,1,Angin Tenang
2024-01-09,0.82,2.75,84.0,23.4,7.2,1,Angin Tenang
2024-01-10,1.21,2.55,87.0,23.2,20.3,1,Angin Tenang
2024-01-11,1.32,2.97,86.0,23.1,20.5,1,Angin Tenang
2024-01-12,1.63,3.0,76.0,23.5,4.2,1,Angin Tenang
2024-01-13,1.56,3.12,83.0,22.7,1.1,1,Angin Tenang
2024-01-14,1.66,3.45,82.0,23.0,0.1,1,Angin Tenang
2024-01-15,1.57,3.61,79.0,23.6,0.0,1,Angin Tenang
2024-01-16,2.53,5.42,81.0,23.4,1.2,1,Angin Tenang
2024-01-17,2.19,5.0,83.0,22.9,2.7,1,Angin Tenang
2024-01-18,2.04,3.41,82.0,23.2,11.1,1,Angin Tenang
2024-01-19,3.83,5.82,84.0,22.3,5.9,1,Angin Tenang
2024-01-20,2.89,4.91,74.0,23.2,1.1,1,Angin Tenang
2024-01-21,2.44,3.54,77.0,22.7,2.4,1,Angin Tenang
2024-01-22,2.78,4.9,79.0,23.4,0.4,1,Angin Tenang
2024-01-23,1.79,3.56,81.0,23.3,1.4,1,Angin Tenang
2024-01-24,1.91,4.05,81.0,23.1,1.3,1,Angin Tenang
2024-01-25,1.32,3.65,81.0,23.3,0.7,1,Angin Tenang
2024-01-26,1.51,3.62,84.0,23.2,2.5,1,Angin Tenang
2024-01-27,1.69,4.05,86.0,23.1,3.0,1,Angin Tenang
2024-01-28,2.22,4.43,85.0,23.1,3.0,1,Angin Tenang
2024-01-29,1.57,3.59,83.0,23.1,5.2,1,Angin Tenang
2024-01-30,1.42,4.25,87.0,22.9,14.7,1,Angin Tenang
2024-01-31,1.33,2.62,87.0,22.7,4.3,1,Angin Tenang
2024-02-01,1.59,2.82,83.0,22.8,18.9,1,Angin Tenang
2024-02-02,1.18,3.32,83.0,23.0,9.4,1,Angin Tenang
2024-02-03,1.41,3.08,86.0,22.5,9.7,1,Angin Tenang
2024-02-04,1.61,3.51,84.0,22.9,3.6,1,Angin Tenang
2024-02-05,1.59,3.41,83.0,22.9,9.9,1,Angin Tenang
2024-02-06,1.73,3.63,85.0,22.4,5.2,1,Angin Tenang
2024-02-07,1.7,3.38,78.0,22.7,0.2,1,Angin Tenang
2024-02-08,1.55,3.86,75.0,23.4,0.3,1,Angin Tenang
2024-02-09,1.44,3.47,85.0,23.0,4.4,1,Angin Tenang
2024-02-10,1.4,3.05,87.0,22.7,9.3,1,Angin Tenang
2024-02-11,1.4,4.08,84.0,22.8,17.0,1,Angin Tenang
2024-02-12,1.8,4.03,82.0,23.2,1.1,1,Angin Tenang
2024-02-13,1.68,3.21,83.0,23.4,1.4,1,Angin Tenang
2024-02-14,1.26,2.48,88.0,23.0,2.0,1,Angin Tenang
2024-02-15,1.18,2.97,86.0,23.4,0.6,1,Angin Tenang
2024-02-16,1.25,2.78,90.0,22.8,6.9,1,Angin Tenang
2024-02-17,1.27,2.62,88.0,22.8,7.2,1,Angin Tenang
2024-02-18,1.27,2.79,83.0,23.4,1.4,1,Angin Tenang
2024-02-19,1.15,3.08,88.0,23.2,39.7,0,Angin Ringan
2024-02-20,1.27,2.83,86.0,23.4,8.1,1,Angin Tenang
2024-02-21,1.3,3.26,86.0,23.5,0.2,1,Angin Tenang
2024-02-22,1.54,2.86,79.0,23.9,0.0,1,Angin Tenang
2024-02-23,1.58,3.44,79.0,24.4,1.3,1,Angin Tenang
2024-02-24,1.09,3.11,87.0,23.5,16.3,1,Angin Tenang
2024-02-25,1.28,3.11,87.0,23.3,13.8,1,Angin Tenang
2024-02-26,1.22,2.92,82.0,24.2,2.4,1,Angin Tenang
2024-02-27,1.26,3.01,86.0,23.4,13.4,1,Angin Tenang
2024-02-28,1.03,2.36,88.0,22.9,10.0,1,Angin Tenang
2024-02-29,1.12,2.38,88.0,23.2,31.3,1,Angin Tenang
2024-03-01,1.28,3.49,82.0,23.7,24.7,1,Angin Tenang
2024-03-02,1.31,3.51,85.0,23.4,11.9,1,Angin Tenang
2024-03-03,1.19,3.36,87.0,23.1,17.9,1,Angin Tenang
2024-03-04,1.34,2.24,85.0,23.3,5.7,1,Angin Tenang
2024-03-05,1.49,3.4,83.0,23.4,1.8,1,Angin Tenang
2024-03-06,1.28,3.13,86.0,23.1,5.2,1,Angin Tenang
2024-03-07,1.45,3.48,88.0,23.1,20.0,1,Angin Tenang
2024-03-08,2.17,4.09,86.0,23.4,5.5,1,Angin Tenang
2024-03-09,2.57,5.4,88.0,22.2,9.2,1,Angin Tenang
2024-03-10,1.8,3.18,84.0,22.8,1.8,1,Angin Tenang
2024-03-11,2.36,6.1,86.0,23.2,1.7,1,Angin Tenang
2024-03-12,4.01,6.91,83.0,23.2,1.9,2,Angin Sedang
2024-03-13,3.66,6.31,88.0,22.6,3.0,2,Angin Sedang
2024-03-14,2.82,6.21,90.0,22.1,7.6,1,Angin Tenang
2024-03-15,3.2,4.89,84.0,22.6,4.0,1,Angin Tenang
2024-03-16,3.11,4.88,86.0,22.7,1.7,1,Angin Tenang
2024-03-17,4.0,6.55,84.0,23.1,1.9,2,Angin Sedang
2024-03-18,3.72,5.87,81.0,23.0,0.6,2,Angin Sedang
2024-03-19,2.72,4.81,74.0,22.8,0.0,1,Angin Tenang
2024-03-20,2.04,3.86,71.0,22.3,0.0,1,Angin Tenang
2024-03-21,1.5,3.71,77.0,22.8,0.0,1,Angin Tenang
2024-03-22,1.16,3.65,88.0,22.8,24.4,1,Angin Tenang
2024-03-23,1.45,2.33,84.0,23.5,1.7,1,Angin Tenang
2024-03-24,1.54,3.62,81.0,24.0,2.7,1,Angin Tenang
2024-03-25,1.11,2.56,88.0,22.9,6.4,1,Angin Tenang
2024-03-26,1.46,3.16,82.0,23.7,3.8,1,Angin Tenang
2024-03-27,1.31,2.28,90.0,22.4,48.9,0,Angin Ringan
2024-03-28,1.26,2.69,87.0,22.5,19.6,1,Angin Tenang
2024-03-29,1.32,2.33,87.0,22.5,15.1,1,Angin Tenang
2024-03-30,1.45,2.91,87.0,23.4,8.0,1,Angin Tenang
2024-03-31,1.31,2.11,80.0,24.1,0.5,1,Angin Tenang
2024-04-01,1.26,2.2,84.0,23.5,1.6,1,Angin Tenang
2024-04-02,1.19,2.69,86.0,23.6,9.6,1,Angin Tenang
2024-04-03,1.39,2.62,87.0,23.5,5.2,1,Angin Tenang
2024-04-04,1.31,2.93,87.0,23.1,9.2,1,Angin Tenang
2024-04-05,1.32,2.98,85.0,23.5,14.7,1,Angin Tenang
2024-04-06,1.29,2.12,84.0,23.6,0.6,1,Angin Tenang
2024-04-07,1.81,3.76,81.0,24.2,0.0,1,Angin Tenang
2024-04-08,1.51,3.67,84.0,23.8,0.1,1,Angin Tenang
2024-04-09,1.14,2.77,85.0,23.8,4.0,1,Angin Tenang
2024-04-10,1.24,2.36,87.0,23.0,34.3,1,Angin Tenang
2024-04-11,1.36,3.36,86.0,23.1,23.4,1,Angin Tenang
2024-04-12,1.38,2.55,89.0,22.6,10.0,1,Angin Tenang
2024-04-13,1.55,2.41,79.0,24.2,0.3,1,Angin Tenang
2024-04-14,1.11,2.65,87.0,23.1,14.1,1,Angin Tenang
2024-04-15,1.38,2.6,86.0,23.7,1.0,1,Angin Tenang
2024-04-16,1.45,3.51,89.0,23.2,4.4,1,Angin Tenang
2024-04-17,2.15,3.64,84.0,23.2,2.0,1,Angin Tenang
2024-04-18,2.15,3.13,84.0,23.4,2.0,1,Angin Tenang
2024-04-19,1.73,2.36,85.0,23.3,14.8,1,Angin Tenang
2024-04-20,1.24,2.42,86.0,23.3,11.5,1,Angin Tenang
2024-04-21,1.39,3.01,88.0,23.0,26.7,1,Angin Tenang
2024-04-22,1.43,2.1,85.0,23.3,12.3,1,Angin Tenang
2024-04-23,1.4,2.92,88.0,23.1,22.6,1,Angin Tenang
2024-04-24,1.59,2.96,85.0,23.5,7.9,1,Angin Tenang
2024-04-25,0.99,2.69,86.0,23.6,10.0,1,Angin Tenang
2024-04-26,1.22,2.96,86.0,23.7,15.7,1,Angin Tenang
2024-04-27,1.41,3.14,86.0,23.1,8.7,1,Angin Tenang
2024-04-28,1.62,3.45,82.0,23.6,0.9,1,Angin Tenang
2024-04-29,1.95,3.58,81.0,24.5,0.1,1,Angin Tenang
2024-04-30,1.57,2.83,85.0,24.1,4.7,1,Angin Tenang
2024-05-01,1.6,3.58,86.0,23.8,7.9,1,Angin Tenang
2024-05-02,1.94,3.55,83.0,24.0,1.1,1,Angin Tenang
2024-05-03,1.7,3.18,79.0,24.3,0.2,1,Angin Tenang
2024-05-04,1.83,3.22,82.0,23.4,0.1,1,Angin Tenang
2024-05-05,1.5,2.09,78.0,23.3,0.0,1,Angin Tenang
2024-05-06,1.81,2.83,78.0,23.4,0.0,1,Angin Tenang
2024-05-07,1.83,3.27,72.0,23.3,0.0,1,Angin Tenang
2024-05-08,1.37,3.1,81.0,23.1,1.0,1,Angin Tenang
2024-05-09,1.4,2.95,80.0,23.5,0.0,1,Angin Tenang
2024-05-10,1.54,2.26,81.0,24.0,0.0,1,Angin Tenang
2024-05-11,1.49,3.13,88.0,23.0,43.5,0,Angin Ringan
2024-05-12,1.33,2.42,85.0,23.4,12.1,1,Angin Tenang
2024-05-13,1.31,2.6,87.0,23.0,21.5,1,Angin Tenang
2024-05-14,1.0,4.0,88.0,26.6,31.5,0,Angin Ringan
2024-05-15,3.0,10.0,75.0,28.7,0.9,2,Angin Sedang
2024-05-16,2.0,7.0,86.0,26.8,0.8,2,Angin Sedang
2024-05-17,2.0,7.0,85.0,26.9,109.3,0,Angin Ringan
2024-05-18,3.0,11.0,83.0,27.2,8.7,2,Angin Sedang
2024-05-19,2.0,10.0,88.0,26.8,38.8,0,Angin Ringan
2024-05-20,1.0,5.0,83.0,27.4,32.7,0,Angin Ringan
2024-05-21,1.0,5.0,83.0,27.9,17.450000000000003,2,Angin Sedang
2024-05-22,2.0,8.0,81.0,28.2,2.2,2,Angin Sedang
2024-05-23,2.0,8.0,87.0,27.0,1.25,2,Angin Sedang
2024-05-24,3.0,11.0,89.0,26.2,0.3,2,Angin Sedang
2024-05-25,1.0,3.0,93.0,25.6,146.6,0,Angin Ringan
2024-05-26,1.0,6.0,84.0,27.6,2.5,2,Angin Sedang
2024-05-27,2.0,16.0,80.0,27.8,2.4,2,Angin Sedang
2024-05-28,1.0,6.0,81.0,28.3,2.3,2,Angin Sedang
2024-05-29,1.0,6.0,79.0,28.5,5.4,2,Angin Sedang
2024-05-30,1.0,3.0,80.0,27.8,8.5,1,Angin Tenang
2024-05-31,1.0,5.0,82.0,27.7,11.6,2,Angin Sedang
2024-06-01,1.0,4.0,89.0,26.4,0.2,1,Angin Tenang
2024-06-02,2.0,6.0,86.0,27.4,23.3,2,Angin Sedang
2024-06-03,1.0,5.0,91.0,26.3,9.8,2,Angin Sedang
2024-06-04,1.0,4.0,83.0,27.0,16.5,1,Angin Tenang
2024-06-05,1.0,3.0,79.0,27.7,0.8,1,Angin Tenang
2024-06-06,2.0,6.0,76.0,28.2,0.0,2,Angin Sedang
2024-06-07,2.0,5.0,77.0,27.5,0.0,2,Angin Sedang
2024-06-08,2.0,8.0,79.0,27.7,0.3333333333333333,2,Angin Sedang
2024-06-09,2.0,9.0,82.0,26.8,0.6666666666666666,2,Angin Sedang
2024-06-10,2.0,5.0,80.0,27.8,1.0,2,Angin Sedang
2024-06-11,1.0,4.0,87.0,26.3,18.8,1,Angin Tenang
2024-06-12,1.0,7.0,86.0,25.9,11.2,2,Angin Sedang
2024-06-13,1.0,3.0,84.0,27.4,32.5,0,Angin Ringan
2024-06-14,1.0,4.0,84.0,27.0,0.6,1,Angin Tenang
2024-06-15,2.0,8.0,83.0,27.5,35.0,0,Angin Ringan
2024-06-16,2.0,6.0,90.0,26.7,0.5,2,Angin Sedang
2024-06-17,2.0,8.0,83.0,27.6,24.0,2,Angin Sedang
2024-06-18,1.0,5.0,85.0,26.4,12.0,1,Angin Tenang
2024-06-19,2.0,7.0,78.0,27.6,0.0,2,Angin Sedang
2024-06-20,2.0,9.0,72.0,27.5,0.1999999999999999,2,Angin Sedang
2024-06-21,2.0,8.0,79.0,27.1,0.3999999999999999,2,Angin Sedang
2024-06-22,2.0,6.0,78.0,27.1,0.6,2,Angin Sedang
2024-06-23,2.0,10.0,72.0,27.4,0.0,2,Angin Sedang
2024-06-24,1.0,4.0,75.0,28.0,1.8666666666666665,2,Angin Sedang
2024-06-25,1.0,3.0,83.0,26.1,3.733333333333333,1,Angin Tenang
2024-06-26,1.0,4.0,78.0,27.6,5.6,1,Angin Tenang
2024-06-27,1.0,3.0,84.0,26.9,5.199999999999999,1,Angin Tenang
2024-06-28,1.0,4.0,84.0,27.2,4.8,1,Angin Tenang
2024-06-29,2.0,5.0,90.0,25.0,0.5,2,Angin Sedang
2024-06-30,1.0,6.0,81.0,27.4,38.2,0,Angin Ringan
2024-07-01,1.0,6.0,86.0,26.5,25.25,0,Angin Ringan
2024-07-02,2.0,7.0,86.0,26.4,12.3,2,Angin Sedang
2024-07-03,2.0,18.0,85.0,25.6,7.15,2,Angin Sedang
2024-07-04,1.0,5.0,89.0,25.2,2.0,1,Angin Tenang
2024-07-05,3.0,12.0,85.0,26.2,28.6,2,Angin Sedang
2024-07-06,2.0,9.0,94.0,23.4,3.4,2,Angin Sedang
2024-07-07,2.0,7.0,84.0,26.4,39.3,0,Angin Ringan
2024-07-08,2.0,11.0,82.0,26.5,42.85,0,Angin Ringan
2024-07-09,1.0,7.0,80.0,26.6,46.4,0,Angin Ringan
2024-07-10,2.0,9.0,82.0,26.2,0.0,2,Angin Sedang
2024-07-11,2.0,9.0,84.0,25.8,0.0,2,Angin Sedang
2024-07-12,2.0,7.0,73.0,26.7,2.0,2,Angin Sedang
2024-07-13,1.0,8.0,78.0,24.9,0.0,1,Angin Tenang
2024-07-14,1.0,4.0,77.0,25.2,0.0,1,Angin Tenang
2024-07-15,1.0,3.0,73.0,25.2,0.0,1,Angin Tenang
2024-07-16,2.0,7.0,76.0,25.8,0.0,2,Angin Sedang
2024-07-17,3.0,8.0,79.0,26.1,0.0,2,Angin Sedang
2024-07-18,2.0,12.0,80.0,26.7,0.2,2,Angin Sedang
2024-07-19,2.0,6.0,78.0,26.8,1.0,2,Angin Sedang
2024-07-20,2.0,5.0,77.0,26.7,0.0,2,Angin Sedang
2024-07-21,1.0,4.0,78.0,26.5,3.0,1,Angin Tenang
2024-07-22,3.0,6.0,76.0,26.8,0.0,2,Angin Sedang
2024-07-23,3.0,9.0,74.0,26.4,0.0,2,Angin Sedang
2024-07-24,3.0,10.0,74.0,26.1,0.0,2,Angin Sedang
2024-07-25,3.0,8.0,75.0,27.0,0.0,2,Angin Sedang
2024-07-26,2.0,8.0,77.0,27.1,0.2,2,Angin Sedang
2024-07-27,2.0,8.0,73.0,28.1,0.0,2,Angin Sedang
2024-07-28,1.0,4.0,75.0,27.1,0.0,1,Angin Tenang
2024-07-29,2.0,8.0,71.0,27.1,0.0,2,Angin Sedang
2024-07-30,1.0,4.0,74.0,27.3,0.0,1,Angin Tenang
2024-07-31,1.0,5.0,73.0,27.3,0.0,1,Angin Tenang
2024-08-01,2.0,7.0,85.0,25.9,0.0,2,Angin Sedang
2024-08-02,1.0,5.0,86.0,25.1,48.8,0,Angin Ringan
2024-08-03,2.0,6.0,86.0,26.0,38.0,0,Angin Ringan
2024-08-04,1.0,7.0,82.0,26.4,11.7,2,Angin Sedang
2024-08-05,3.0,11.0,79.0,26.4,0.0,2,Angin Sedang
2024-08-06,2.0,7.0,79.0,26.8,0.0,2,Angin Sedang
2024-08-07,3.0,9.0,78.0,26.4,0.0,2,Angin Sedang
2024-08-08,2.0,5.0,77.0,26.7,0.0,2,Angin Sedang
2024-08-09,3.0,12.0,76.0,27.4,0.0,2,Angin Sedang
2024-08-10,3.0,10.0,76.0,27.7,0.0,2,Angin Sedang
2024-08-11,3.0,12.0,76.0,27.7,0.2,2,Angin Sedang
2024-08-12,2.0,5.0,65.0,26.9,0.8,2,Angin Sedang
2024-08-13,1.0,6.0,71.0,26.7,0.0,1,Angin Tenang
2024-08-14,1.0,4.0,71.0,27.0,0.0,1,Angin Tenang
2024-08-15,2.0,8.0,75.0,27.1,0.0,2,Angin Sedang
2024-08-16,3.0,11.0,75.0,26.7,0.0,2,Angin Sedang
2024-08-17,2.0,8.0,83.0,25.3,0.2,2,Angin Sedang
2024-08-18,3.0,11.0,75.0,27.7,0.4,2,Angin Sedang
2024-08-19,3.0,9.0,83.0,25.4,0.0,2,Angin Sedang
2024-08-20,3.0,10.0,76.0,27.5,0.0,2,Angin Sedang
2024-08-21,3.0,7.0,76.0,27.7,0.0,2,Angin Sedang
2024-08-22,3.0,8.0,76.0,27.1,0.0,2,Angin Sedang
2024-08-23,2.0,7.0,83.0,27.0,1.0,2,Angin Sedang
2024-08-24,3.0,13.0,82.0,25.5,5.0,2,Angin Sedang
2024-08-25,3.0,10.0,74.0,26.8,13.2,2,Angin Sedang
2024-08-26,3.0,13.0,77.0,27.0,0.0,2,Angin Sedang
2024-08-27,3.0,10.0,78.0,27.0,0.0,2,Angin Sedang
2024-08-28,2.0,5.0,74.0,26.5,0.25,2,Angin Sedang
2024-08-29,2.0,7.0,78.0,27.0,0.5,2,Angin Sedang
2024-08-30,2.0,8.0,76.0,26.7,0.2,2,Angin Sedang
2024-08-31,3.0,9.0,75.0,27.0,2.9,2,Angin Sedang
2024-09-01,2.0,9.0,75.0,27.7,0.0,2,Angin Sedang
2024-09-02,2.0,5.0,79.0,27.5,0.0,2,Angin Sedang
2024-09-03,3.0,8.0,80.0,26.6,31.5,2,Angin Sedang
2024-09-04,3.0,8.0,71.0,27.6,0.0,2,Angin Sedang
2024-09-05,2.0,7.0,82.0,26.4,0.2,2,Angin Sedang
2024-09-06,2.0,8.0,76.0,27.4,10.7,2,Angin Sedang
2024-09-07,2.0,7.0,74.0,27.7,0.0,2,Angin Sedang
2024-09-08,3.0,12.0,75.0,27.8,0.0,2,Angin Sedang
2024-09-09,2.0,9.0,88.0,25.3,0.0,2,Angin Sedang
2024-09-10,3.0,7.0,89.0,25.1,44.4,0,Angin Ringan
2024-09-11,2.0,10.0,83.0,26.4,83.6,0,Angin Ringan
2024-09-12,3.0,10.0,83.0,26.1,0.0,2,Angin Sedang
2024-09-13,2.0,7.0,86.0,26.2,84.2,0,Angin Ringan
2024-09-14,2.0,5.0,78.0,26.7,0.2,2,Angin Sedang
2024-09-15,3.0,9.0,73.0,26.9,0.0,2,Angin Sedang
2024-09-16,3.0,7.0,75.0,26.5,0.0,2,Angin Sedang
2024-09-17,3.0,10.0,67.0,26.4,0.0,2,Angin Sedang
2024-09-18,4.0,7.0,70.0,26.4,0.0,2,Angin Sedang
2024-09-19,3.0,7.0,70.0,27.1,0.0,2,Angin Sedang
2024-09-20,2.0,5.0,73.0,27.2,0.0,2,Angin Sedang
2024-09-21,3.0,10.0,74.0,27.1,0.0,2,Angin Sedang
2024-09-22,2.0,7.0,76.0,28.2,0.0,2,Angin Sedang
2024-09-23,2.0,7.0,82.0,27.7,20.4,2,Angin Sedang
2024-09-24,1.0,4.0,90.0,25.9,1.5,1,Angin Tenang
2024-09-25,2.0,7.0,81.0,26.3,1.7,2,Angin Sedang
2024-09-26,2.0,12.0,84.0,25.8,56.9,0,Angin Ringan
2024-09-27,2.0,6.0,81.0,26.6,4.5,2,Angin Sedang
2024-09-28,2.0,6.0,82.0,27.0,8.6,2,Angin Sedang
2024-09-29,4.0,12.0,85.0,26.4,43.0,0,Angin Ringan
2024-09-30,2.0,10.0,77.0,27.3,11.3,2,Angin Sedang
2024-10-01,3.0,11.0,77.0,27.2,0.0,2,Angin Sedang
2024-10-02,2.0,7.0,78.0,28.2,0.0,2,Angin Sedang
2024-10-03,2.0,4.0,85.0,27.0,22.0,2,Angin Sedang
2024-10-04,3.0,13.0,86.0,25.7,0.0,2,Angin Sedang
2024-10-05,3.0,15.0,88.0,25.6,89.8,0,Angin Ringan
2024-10-06,2.0,8.0,81.0,27.2,84.5,0,Angin Ringan
2024-10-07,4.0,14.0,74.0,27.4,0.0,2,Angin Sedang
2024-10-08,2.0,8.0,80.0,26.6,0.0,2,Angin Sedang
2024-10-09,2.0,9.0,82.0,27.2,1.2,2,Angin Sedang
2024-10-10,2.0,8.0,79.0,27.1,3.5,2,Angin Sedang
2024-10-11,3.0,9.0,79.0,27.5,14.2,2,Angin Sedang
2024-10-12,3.0,8.0,77.0,28.3,0.0,2,Angin Sedang
2024-10-13,2.0,9.0,84.0,27.0,0.0,2,Angin Sedang
2024-10-14,3.0,20.0,88.0,26.0,65.7,0,Angin Ringan
2024-10-15,2.0,9.0,89.0,25.8,60.3,0,Angin Ringan
2024-10-16,3.0,10.0,78.0,26.9,105.6,0,Angin Ringan
2024-10-17,3.0,6.0,67.0,26.2,0.0,2,Angin Sedang
2024-10-18,2.0,6.0,71.0,27.1,0.0,2,Angin Sedang
2024-10-19,2.0,6.0,74.0,27.6,0.0,2,Angin Sedang
2024-10-20,2.0,6.0,71.0,27.8,0.0,2,Angin Sedang
2024-10-21,3.0,10.0,69.0,27.6,0.0,2,Angin Sedang
2024-10-22,3.0,10.0,73.0,27.1,0.0,2,Angin Sedang
2024-10-23,1.0,5.0,75.0,28.7,0.0,2,Angin Sedang
2024-10-24,2.0,11.0,75.0,28.8,0.0,2,Angin Sedang
2024-10-25,2.0,8.0,79.0,28.2,8.3,2,Angin Sedang
2024-10-26,3.0,7.0,72.0,28.1,0.0,2,Angin Sedang
2024-10-27,2.0,11.0,75.0,28.2,0.0,2,Angin Sedang
2024-10-28,2.0,12.0,80.0,27.5,3.5,2,Angin Sedang
2024-10-29,2.0,10.0,83.0,27.2,13.3,2,Angin Sedang
2024-10-30,2.0,14.0,82.0,27.2,11.5,2,Angin Sedang
2024-10-31,3.0,17.0,85.0,26.2,10.2,2,Angin Sedang
2024-11-01,2.0,7.0,80.0,27.1,17.0,2,Angin Sedang
2024-11-02,2.0,14.0,82.0,27.0,0.0,2,Angin Sedang
2024-11-03,2.0,7.0,83.0,26.2,34.4,0,Angin Ringan
2024-11-04,2.0,6.0,82.0,26.4,29.2,0,Angin Ringan
2024-11-05,3.0,8.0,86.0,26.4,7.6,2,Angin Sedang
2024-11-06,2.0,8.0,80.0,26.7,60.5,0,Angin Ringan
2024-11-07,2.0,8.0,84.0,26.1,0.0,2,Angin Sedang
2024-11-08,3.0,12.0,80.0,27.8,70.6,0,Angin Ringan
2024-11-09,3.0,21.0,84.0,26.9,54.23333333333333,0,Angin Ringan
2024-11-10,1.0,5.0,84.0,26.4,37.86666666666667,0,Angin Ringan
2024-11-11,3.0,9.0,90.0,25.4,21.5,2,Angin Sedang
2024-11-12,3.0,9.0,86.0,26.4,86.7,0,Angin Ringan
2024-11-13,3.0,13.0,77.0,27.8,0.1,2,Angin Sedang
2024-11-14,2.0,7.0,84.0,27.5,0.0,2,Angin Sedang
2024-11-15,2.0,8.0,84.0,27.5,59.6,0,Angin Ringan
2024-11-16,2.0,16.0,93.0,26.0,10.4,2,Angin Sedang
2024-11-17,2.0,10.0,87.0,26.4,14.7,2,Angin Sedang
2024-11-18,2.0,6.0,89.0,26.1,14.7,2,Angin Sedang
2024-11-19,3.0,7.0,83.0,26.7,14.4,2,Angin Sedang
2024-11-20,2.0,15.0,83.0,26.6,59.7,0,Angin Ringan
2024-11-21,2.0,7.0,85.0,27.1,24.1,2,Angin Sedang
2024-11-22,2.0,8.0,88.0,26.7,15.8,2,Angin Sedang
2024-11-23,2.0,9.0,85.0,26.8,6.6,2,Angin Sedang
2024-11-24,2.0,9.0,88.0,26.6,3.7,2,Angin Sedang
2024-11-25,2.0,12.0,84.0,27.2,11.5,2,Angin Sedang
2024-11-26,1.0,8.0,81.0,27.5,0.7,2,Angin Sedang
2024-11-27,2.0,6.0,93.0,25.3,44.3,0,Angin Ringan
2024-11-28,2.0,7.0,86.0,26.2,72.1,0,Angin Ringan
2024-11-29,2.0,9.0,81.0,26.9,0.5,2,Angin Sedang
2024-11-30,2.0,6.0,79.0,27.6,0.0,2,Angin Sedang
2024-12-01,3.0,7.0,77.0,28.1,1.2,2,Angin Sedang
2024-12-02,3.0,9.0,86.0,26.4,0.8,2,Angin Sedang
2024-12-03,2.0,10.0,85.0,26.0,15.8,2,Angin Sedang
2024-12-04,1.0,7.0,91.0,25.0,1.5,1,Angin Tenang
2024-12-05,4.0,13.0,90.0,25.1,3.9,2,Angin Sedang
2024-12-06,1.0,7.0,91.0,25.5,11.7,2,Angin Sedang
2024-12-07,1.0,7.0,88.0,26.9,0.1,2,Angin Sedang
2024-12-08,2.0,7.0,86.0,27.0,8.7,2,Angin Sedang
2024-12-09,1.0,3.0,96.0,24.8,2.2,1,Angin Tenang
2024-12-10,2.0,11.0,88.0,25.5,26.1,2,Angin Sedang
2024-12-11,5.0,11.0,77.0,27.1,27.7,2,Angin Sedang
2024-12-12,7.0,15.0,72.0,27.4,10.7,2,Angin Sedang
2024-12-13,6.0,11.0,73.0,28.0,9.4,2,Angin Sedang
2024-12-14,4.0,13.0,87.0,25.7,8.1,2,Angin Sedang
2024-12-15,4.0,11.0,84.0,25.8,4.3,2,Angin Sedang
2024-12-16,2.0,7.0,94.0,24.8,0.5,2,Angin Sedang
2024-12-17,3.0,9.0,84.0,26.8,20.0,2,Angin Sedang
2024-12-18,3.0,12.0,90.0,25.5,0.0,2,Angin Sedang
2024-12-19,4.0,10.0,91.0,24.9,5.3,2,Angin Sedang
2024-12-20,3.0,8.0,91.0,25.2,18.1,2,Angin Sedang
2024-12-21,2.0,11.0,88.0,26.4,14.8,2,Angin Sedang
2024-12-22,1.0,7.0,93.0,25.6,10.9,2,Angin Sedang
2024-12-23,1.0,9.0,89.0,25.7,13.5,2,Angin Sedang
2024-12-24,2.0,5.0,88.0,25.5,9.9,2,Angin Sedang
2024-12-25,2.0,9.0,90.0,25.8,1.1,2,Angin Sedang
2024-12-26,2.0,11.0,81.0,26.6,14.0,2,Angin Sedang
2024-12-27,2.0,8.0,84.0,26.4,0.0,2,Angin Sedang
2024-12-28,2.0,9.0,77.0,27.4,0.0,2,Angin Sedang
2024-12-29,3.0,6.0,76.0,27.5,0.0,2,Angin Sedang
2024-12-30,4.0,19.0,81.0,25.8,0.6,2,Angin Sedang
2024-12-31,4.0,13.0,77.0,27.1,0.5,2,Angin Sedang
2025-01-01,3.0,11.0,83.0,26.3,0.0,2,Angin Sedang
2025-01-02,3.0,10.0,77.0,27.1,5.2,2,Angin Sedang
2025-01-03,3.0,9.0,80.0,27.0,0.0,2,Angin Sedang
2025-01-04,2.0,11.0,83.0,26.7,0.0,2,Angin Sedang
2025-01-05,3.0,11.0,78.0,27.2,1.6,2,Angin Sedang
2025-01-06,3.0,8.0,80.0,26.6,13.4,2,Angin Sedang
2025-01-07,3.0,10.0,85.0,26.4,25.2,2,Angin Sedang
2025-01-08,2.0,8.0,85.0,27.0,26.1,2,Angin Sedang
2025-01-09,1.0,6.0,91.0,25.5,27.0,0,Angin Ringan
2025-01-10,3.0,8.0,86.0,26.7,2.0,2,Angin Sedang
2025-01-11,3.0,12.0,87.0,26.2,1.0,2,Angin Sedang
2025-01-12,3.0,12.0,80.0,26.6,7.0,2,Angin Sedang
2025-01-13,2.0,6.0,84.0,26.3,10.133333333333333,2,Angin Sedang
2025-01-14,2.0,11.0,93.0,25.0,13.266666666666666,2,Angin Sedang
2025-01-15,2.0,10.0,84.0,26.7,16.4,2,Angin Sedang
2025-01-16,2.0,9.0,89.0,25.8,0.0,2,Angin Sedang
2025-01-17,2.0,8.0,89.0,26.3,2.6,2,Angin Sedang
2025-01-18,2.0,8.0,85.0,25.9,14.6,2,Angin Sedang
2025-01-19,3.0,11.0,87.0,25.6,3.4,2,Angin Sedang
2025-01-20,2.0,9.0,89.0,25.4,57.8,0,Angin Ringan
2025-01-21,2.0,23.0,93.0,25.5,5.2,2,Angin Sedang
2025-01-22,3.0,11.0,87.0,25.6,21.4,2,Angin Sedang
2025-01-23,3.0,9.0,87.0,25.4,0.4,2,Angin Sedang
2025-01-24,2.0,8.0,96.0,24.4,4.1,2,Angin Sedang
2025-01-25,2.0,12.0,87.0,25.7,28.6,2,Angin Sedang
2025-01-26,3.0,12.0,84.0,26.1,2.0,2,Angin Sedang
2025-01-27,1.0,5.0,85.0,26.1,0.0,1,Angin Tenang
2025-01-28,2.0,4.0,96.0,23.7,3.0,1,Angin Tenang
2025-01-29,2.0,7.0,88.0,25.3,21.6,2,Angin Sedang
2025-01-30,2.0,9.0,86.0,25.4,28.3,0,Angin Ringan
2025-01-31,2.0,8.0,87.0,26.4,6.7,2,Angin Sedang
2025-02-01,2.0,11.0,90.0,26.3,9.3,2,Angin Sedang
2025-02-02,2.0,10.0,87.0,26.7,1.6,2,Angin Sedang
2025-02-03,2.0,7.0,88.0,26.8,0.0,2,Angin Sedang
2025-02-04,5.0,10.0,88.0,25.7,0.0,2,Angin Sedang
2025-02-05,6.0,19.0,77.0,26.9,3.4,2,Angin Sedang
2025-02-06,3.0,8.0,89.0,26.1,12.1,2,Angin Sedang
2025-02-07,1.0,6.0,88.0,26.5,1.1,2,Angin Sedang
2025-02-08,1.0,4.0,89.0,25.1,3.2,1,Angin Tenang
2025-02-09,2.0,7.0,88.0,26.2,2.8,2,Angin Sedang
2025-02-10,2.0,11.0,88.0,26.8,2.4,2,Angin Sedang
2025-02-11,3.0,9.0,84.0,27.2,0.0,2,Angin Sedang
2025-02-12,2.0,10.0,78.0,26.9,0.0,2,Angin Sedang
2025-02-13,3.0,10.0,80.0,27.4,0.0,2,Angin Sedang
2025-02-14,2.0,7.0,83.0,26.8,0.0,2,Angin Sedang
2025-02-15,2.0,13.0,87.0,26.2,0.4,2,Angin Sedang
2025-02-16,2.0,12.0,85.0,26.2,0.2,2,Angin Sedang
2025-02-17,1.0,6.0,90.0,25.0,0.7,1,Angin Tenang
2025-02-18,2.0,13.0,86.0,25.9,1.2,2,Angin Sedang
2025-02-19,2.0,10.0,88.0,26.1,3.0,2,Angin Sedang
2025-02-20,3.0,10.0,86.0,25.3,5.8,2,Angin Sedang
2025-02-21,2.0,10.0,84.0,26.5,6.0,2,Angin Sedang
2025-02-22,2.0,6.0,88.0,25.9,0.0,2,Angin Sedang
2025-02-23,2.0,5.0,90.0,25.3,1.0,2,Angin Sedang
2025-02-24,3.0,14.0,89.0,25.4,1.7,2,Angin Sedang
2025-02-25,2.0,12.0,88.0,25.9,45.1,0,Angin Ringan
2025-02-26,1.0,4.0,92.0,25.4,5.5,1,Angin Tenang
2025-02-27,2.0,12.0,89.0,25.5,4.7,2,Angin Sedang
2025-02-28,2.0,8.0,89.0,25.8,41.0,0,Angin Ringan
2025-03-01,2.0,5.0,85.0,26.3,19.6,2,Angin Sedang
2025-03-02,3.0,8.0,89.0,26.3,0.0,2,Angin Sedang
2025-03-03,3.0,10.0,89.0,26.3,74.2,0,Angin Ringan
2025-03-04,2.0,5.0,90.0,25.6,53.8,0,Angin Ringan
2025-03-05,2.0,9.0,81.0,26.9,0.2,2,Angin Sedang
2025-03-06,3.0,9.0,86.0,26.1,0.0,2,Angin Sedang
2025-03-07,3.0,7.0,85.0,26.5,41.8,0,Angin Ringan
2025-03-08,2.0,14.0,87.0,26.2,0.0,2,Angin Sedang
2025-03-09,2.0,14.0,89.0,25.9,11.7,2,Angin Sedang
2025-03-10,1.0,4.0,91.0,24.6,7.4,1,Angin Tenang
2025-03-11,2.0,12.0,84.0,26.6,0.2,2,Angin Sedang
2025-03-12,2.0,8.0,85.0,27.1,26.0,2,Angin Sedang
2025-03-13,2.0,11.0,88.0,26.9,0.0,2,Angin Sedang
2025-03-14,2.0,7.0,89.0,25.7,46.4,0,Angin Ringan
2025-03-15,2.0,14.0,91.0,25.2,7.2,2,Angin Sedang
2025-03-16,1.0,7.0,83.0,26.5,6.5,2,Angin Sedang
2025-03-17,2.0,10.0,94.0,25.0,68.45,0,Angin Ringan
2025-03-18,2.0,9.0,89.0,26.2,130.4,0,Angin Ringan
2025-03-19,2.0,8.0,81.0,26.3,5.2,2,Angin Sedang
2025-03-20,3.0,10.0,81.0,27.1,0.0,2,Angin Sedang
2025-03-21,2.0,11.0,80.0,27.4,0.0,2,Angin Sedang
2025-03-22,1.0,6.0,87.0,26.9,0.0,2,Angin Sedang
2025-03-23,3.0,11.0,82.0,26.9,0.5,2,Angin Sedang
2025-03-24,2.0,6.0,84.0,26.1,2.3,2,Angin Sedang
2025-03-25,1.0,6.0,86.0,25.6,4.1,1,Angin Tenang
2025-03-26,2.0,6.0,92.0,25.5,2.85,2,Angin Sedang
2025-03-27,2.0,11.0,90.0,25.4,1.6,2,Angin Sedang
2025-03-28,4.0,7.0,88.0,26.2,3.4,2,Angin Sedang
2025-03-29,2.0,6.0,85.0,26.2,6.4,2,Angin Sedang
2025-03-30,0.0,3.0,84.0,27.2,0.2,1,Angin Tenang
2025-03-31,2.0,11.0,85.0,26.8,0.0,2,Angin Sedang
2025-04-01,1.0,8.0,94.0,24.5,6.4,2,Angin Sedang
2025-04-02,2.0,11.0,87.0,26.4,11.8,2,Angin Sedang
2025-04-03,2.0,7.0,88.0,26.3,9.6,2,Angin Sedang
2025-04-04,2.0,7.0,84.0,26.9,4.6,2,Angin Sedang
2025-04-05,1.0,6.0,85.0,26.5,0.0,2,Angin Sedang
2025-04-06,2.0,13.0,84.0,26.2,0.3,2,Angin Sedang
2025-04-07,2.0,9.0,83.0,27.2,6.8,2,Angin Sedang
2025-04-08,1.0,5.0,81.0,26.8,0.1,1,Angin Tenang
2025-04-09,2.0,9.0,81.0,27.7,0.0,2,Angin Sedang
2025-04-10,1.0,4.0,87.0,26.6,0.0,1,Angin Tenang
2025-04-11,2.0,20.0,86.0,26.5,0.6,2,Angin Sedang
2025-04-12,2.0,7.0,90.0,26.4,28.4,0,Angin Ringan
2025-04-13,2.0,14.0,90.0,25.7,3.0,2,Angin Sedang
2025-04-14,1.0,4.0,85.0,26.6,2.6,1,Angin Tenang
2025-04-15,1.0,7.0,91.0,25.5,0.0,2,Angin Sedang
2025-04-16,2.0,5.0,86.0,25.9,3.2,2,Angin Sedang
2025-04-17,1.0,5.0,87.0,27.1,6.8,2,Angin Sedang
2025-04-18,3.0,8.0,86.0,26.8,0.0,2,Angin Sedang
2025-04-19,2.0,9.0,84.0,27.1,0.0,2,Angin Sedang
2025-04-20,2.0,7.0,82.0,26.9,21.7,2,Angin Sedang
2025-04-21,1.0,5.0,85.0,26.4,0.0,1,Angin Tenang
2025-04-22,2.0,9.0,82.0,27.0,0.0,2,Angin Sedang
2025-04-23,3.0,7.0,83.0,26.5,0.0,2,Angin Sedang
2025-04-24,2.0,12.0,85.0,26.6,0.0,2,Angin Sedang
2025-04-25,3.0,11.0,85.0,26.8,1.8,2,Angin Sedang
2025-04-26,1.0,11.0,89.0,26.7,3.6,2,Angin Sedang
2025-04-27,1.0,5.0,87.0,26.9,36.9,0,Angin Ringan
2025-04-28,2.0,7.0,82.0,27.0,69.5,0,Angin Ringan
2025-04-29,1.0,5.0,81.0,27.2,1.6,2,Angin Sedang
2025-04-30,3.0,15.0,87.0,26.2,0.0,2,Angin Sedang
2025-05-01,2.0,9.0,82.0,27.2,19.8,2,Angin Sedang
2025-05-02,2.0,11.0,81.0,27.2,4.0,2,Angin Sedang
2025-05-03,3.0,9.0,85.0,26.7,0.0,2,Angin Sedang
2025-05-04,2.0,6.0,84.0,26.8,0.4,2,Angin Sedang
2025-05-05,2.0,12.0,85.0,26.5,0.0,2,Angin Sedang
2025-05-06,2.0,13.0,87.0,26.6,32.4,0,Angin Ringan
2025-05-07,2.0,10.0,94.0,25.6,19.2,2,Angin Sedang
2025-05-08,2.0,10.0,89.0,26.6,9.4,2,Angin Sedang
2025-05-09,1.0,8.0,87.0,27.0,55.2,0,Angin Ringan
2025-05-10,2.0,6.0,88.0,26.9,8.4,2,Angin Sedang
2025-05-11,2.0,11.0,86.0,26.6,1.5,2,Angin Sedang
2025-05-12,1.0,3.0,81.0,27.3,1.0,1,Angin Tenang
2025-05-13,2.0,8.0,82.0,27.6,0.0,2,Angin Sedang
2025-05-14,2.0,4.0,88.0,26.1,22.3,2,Angin Sedang
2025-05-15,2.0,6.0,88.0,26.2,14.8,2,Angin Sedang
2025-05-16,2.0,17.0,86.0,27.4,25.5,2,Angin Sedang
2025-05-17,2.0,5.0,86.0,26.7,3.8,2,Angin Sedang
2025-05-18,2.0,9.0,82.0,27.6,1.0,2,Angin Sedang
2025-05-19,2.0,6.0,87.0,26.2,0.3,2,Angin Sedang
2025-05-20,1.0,3.0,82.0,27.3,10.9,1,Angin Tenang
2025-05-21,1.0,6.0,90.0,26.2,1.2,2,Angin Sedang
2025-05-22,1.0,7.0,90.0,26.2,2.2,2,Angin Sedang
2025-05-23,2.0,10.0,93.0,25.1,3.2,2,Angin Sedang
2025-05-24,1.0,4.0,85.0,26.8,10.7,1,Angin Tenang
2025-05-25,2.0,6.0,89.0,26.6,0.2,2,Angin Sedang
2025-05-26,1.0,4.0,92.0,25.3,0.0,1,Angin Tenang
2025-05-27,4.0,15.0,78.0,27.2,1.4,2,Angin Sedang
2025-05-28,1.0,5.0,78.0,28.1,0.0,2,Angin Sedang
2025-05-29,1.0,5.0,85.0,27.4,0.0,2,Angin Sedang
2025-05-30,1.0,5.0,84.0,27.5,4.2,2,Angin Sedang
2025-05-31,3.0,10.0,84.0,26.3,0.2,2,Angin Sedang
2025-06-01,1.0,4.0,83.0,26.1,5.2,1,Angin Tenang
2025-06-02,1.0,4.0,78.0,27.3,0.0,1,Angin Tenang
2025-06-03,1.0,4.0,85.0,26.5,0.0,1,Angin Tenang
2025-06-04,1.0,5.0,81.0,27.1,0.0,2,Angin Sedang
2025-06-05,1.0,8.0,83.0,27.0,0.0,2,Angin Sedang
2025-06-06,2.0,7.0,87.0,26.6,8.0,2,Angin Sedang
2025-06-07,1.0,6.0,85.0,26.6,0.0,2,Angin Sedang
2025-06-08,2.0,7.0,82.0,26.8,6.4,2,Angin Sedang
2025-06-09,1.0,7.0,80.0,27.6,0.0,2,Angin Sedang
2025-06-10,2.0,13.0,86.0,26.4,0.0,2,Angin Sedang
2025-06-11,1.0,3.0,84.0,27.2,2.0,1,Angin Tenang
2025-06-12,2.0,11.0,81.0,27.2,0.0,2,Angin Sedang
2025-06-13,2.0,8.0,77.0,27.5,0.0,2,Angin Sedang
2025-06-14,3.0,20.0,82.0,26.5,0.0,2,Angin Sedang
2025-06-15,3.0,12.0,81.0,27.1,0.0,2,Angin Sedang
2025-06-16,3.0,9.0,79.0,27.4,0.0,2,Angin Sedang
2025-06-17,1.0,7.0,88.0,25.4,57.0,0,Angin Ringan
2025-06-18,0.0,2.0,94.0,24.6,34.7,0,Angin Ringan
2025-06-19,2.0,8.0,92.0,24.9,7.5,2,Angin Sedang
2025-06-20,3.0,7.0,82.0,25.9,0.2,2,Angin Sedang
2025-06-21,1.0,7.0,90.0,25.2,53.0,0,Angin Ringan
2025-06-22,3.0,10.0,83.0,26.6,25.2,2,Angin Sedang
2025-06-23,3.0,14.0,80.0,27.2,0.0,2,Angin Sedang
2025-06-24,2.0,10.0,82.0,26.4,0.0,2,Angin Sedang
2025-06-25,2.0,7.0,86.0,25.7,0.0,2,Angin Sedang
2025-06-26,3.0,8.0,83.0,26.3,2.7,2,Angin Sedang
2025-06-27,2.0,6.0,81.0,26.6,0.0,2,Angin Sedang
2025-06-28,3.0,10.0,89.0,25.4,0.0,2,Angin Sedang
2025-06-29,0.0,3.0,93.0,23.7,12.0,1,Angin Tenang
2025-06-30,3.0,13.0,82.0,26.4,0.9,2,Angin Sedang
2025-07-01,3.0,11.0,87.0,26.0,10.1,2,Angin Sedang
2025-07-02,2.0,9.0,86.0,25.7,2.4,2,Angin Sedang
2025-07-03,3.0,10.0,88.0,26.3,11.8,2,Angin Sedang
2025-07-04,1.0,6.0,90.0,25.5,51.6,0,Angin Ringan
2025-07-05,3.0,7.0,89.0,25.9,50.0,0,Angin Ringan
2025-07-06,3.0,13.0,88.0,25.3,86.0,0,Angin Ringan
2025-07-07,2.0,6.0,87.0,24.7,6.7,2,Angin Sedang
2025-07-08,1.0,4.0,86.0,26.1,53.8,0,Angin Ringan
2025-07-09,1.0,4.0,86.0,26.4,0.2,1,Angin Tenang
2025-07-10,2.0,4.0,82.0,25.5,1.4,1,Angin Tenang
2025-07-11,2.0,7.0,80.0,26.4,0.0,2,Angin Sedang
2025-07-12,3.0,7.0,80.0,26.3,0.0,2,Angin Sedang
2025-07-13,2.0,8.0,82.0,25.8,0.0,2,Angin Sedang
2025-07-14,1.0,4.0,87.0,26.5,2.7,1,Angin Tenang
2025-07-15,2.0,7.0,85.0,26.2,0.3,2,Angin Sedang
2025-07-16,3.0,9.0,84.0,26.3,0.0,2,Angin Sedang
2025-07-17,3.0,9.0,81.0,26.6,0.5,2,Angin Sedang
2025-07-18,1.0,5.0,80.0,26.9,0.2,1,Angin Tenang
2025-07-19,1.0,4.0,81.0,26.1,8.8,1,Angin Tenang
2025-07-20,2.0,10.0,78.0,26.4,0.0,2,Angin Sedang
2025-07-21,4.0,10.0,76.0,26.6,0.0,2,Angin Sedang
2025-07-22,2.0,8.0,76.0,26.1,0.0,2,Angin Sedang
2025-07-23,2.0,8.0,74.0,26.5,0.0,2,Angin Sedang
2025-07-24,2.0,10.0,75.0,26.8,0.0,2,Angin Sedang
2025-07-25,3.0,9.0,77.0,27.1,0.0,2,Angin Sedang
2025-07-26,2.0,8.0,79.0,26.6,0.0,2,Angin Sedang
2025-07-27,1.0,5.0,82.0,26.6,0.0,1,Angin Tenang
2025-07-28,2.0,6.0,85.0,25.9,55.3,0,Angin Ringan
2025-07-29,2.0,7.0,87.0,26.1,5.4,2,Angin Sedang
2025-07-30,2.0,6.0,89.0,25.6,53.5,0,Angin Ringan
2025-07-31,3.0,11.0,78.0,27.1,68.8,0,Angin Ringan
2025-08-01,2.0,8.0,81.0,26.6,0.0,2,Angin Sedang
2025-08-02,2.0,7.0,78.0,26.3,0.0,2,Angin Sedang
2025-08-03,3.0,9.0,84.0,26.2,0.0,2,Angin Sedang
2025-08-04,3.0,21.0,87.0,25.4,24.6,2,Angin Sedang
2025-08-05,2.0,5.0,87.0,25.4,66.5,0,Angin Ringan
2025-08-06,3.0,11.0,84.0,26.4,41.0,0,Angin Ringan
2025-08-07,2.0,6.0,83.0,26.7,0.0,2,Angin Sedang
2025-08-08,2.0,11.0,87.0,26.5,55.2,0,Angin Ringan
2025-08-09,3.0,24.0,89.0,25.4,1.8,2,Angin Sedang
2025-08-10,2.0,6.0,84.0,25.3,115.2,0,Angin Ringan
2025-08-11,2.0,6.0,91.0,25.2,43.0,0,Angin Ringan
2025-08-12,1.0,12.0,93.0,24.2,11.1,2,Angin Sedang
2025-08-13,3.0,8.0,85.0,25.4,15.0,2,Angin Sedang
2025-08-14,3.0,7.0,76.0,25.0,0.2,2,Angin Sedang
2025-08-15,1.0,7.0,77.0,25.3,0.4,1,Angin Tenang
2025-08-16,2.0,6.0,75.0,26.2,0.0,2,Angin Sedang
2025-08-17,4.0,15.0,78.0,26.1,0.0,2,Angin Sedang
2025-08-18,3.0,13.0,85.0,25.5,0.0,2,Angin Sedang
2025-08-19,2.0,5.0,89.0,25.2,0.9,2,Angin Sedang
2025-08-20,1.0,6.0,88.0,25.1,3.2,1,Angin Tenang
2025-08-21,3.0,8.0,85.0,25.4,15.1,2,Angin Sedang
2025-08-22,1.0,9.0,87.0,26.4,33.6,0,Angin Ringan
2025-08-23,3.0,7.0,83.0,27.0,0.4,2,Angin Sedang
2025-08-24,3.0,16.0,85.0,25.6,39.5,0,Angin Ringan
2025-08-25,1.0,5.0,87.0,25.0,4.2,1,Angin Tenang
2025-08-26,3.0,9.0,79.0,26.1,22.2,2,Angin Sedang
2025-08-27,3.0,6.0,75.0,26.4,0.0,2,Angin Sedang
2025-08-28,3.0,7.0,80.0,26.5,0.2,2,Angin Sedang
2025-08-29,2.0,12.0,83.0,26.1,4.2,2,Angin Sedang
2025-08-30,2.0,7.0,77.0,26.9,0.6,2,Angin Sedang
2025-08-31,2.0,9.0,87.0,25.3,39.2,0,Angin Ringan
2025-09-01,4.0,11.0,83.0,26.4,29.1,2,Angin Sedang
2025-09-02,3.0,15.0,73.0,27.0,0.0,2,Angin Sedang
2025-09-03,2.0,13.0,76.0,26.3,0.0,2,Angin Sedang
2025-09-04,3.0,14.0,74.0,26.9,0.0,2,Angin Sedang
2025-09-05,3.0,10.0,85.0,26.7,0.0,2,Angin Sedang
2025-09-06,2.0,6.0,85.0,25.6,39.8,0,Angin Ringan
2025-09-07,2.0,7.0,80.0,26.2,8.4,2,Angin Sedang
2025-09-08,2.0,7.0,82.0,26.5,0.0,2,Angin Sedang
2025-09-09,1.0,5.0,90.0,25.3,12.1,1,Angin Tenang
2025-09-10,3.0,10.0,83.0,26.2,0.6,2,Angin Sedang
2025-09-11,2.0,19.0,94.0,24.4,47.2,0,Angin Ringan
2025-09-12,2.0,16.0,87.0,25.8,2.4,2,Angin Sedang
2025-09-13,2.0,5.0,80.0,27.0,1.5,2,Angin Sedang
2025-09-14,2.0,7.0,86.0,25.6,8.6,2,Angin Sedang
2025-09-15,2.0,7.0,79.0,26.6,6.9,2,Angin Sedang
2025-09-16,3.0,8.0,85.0,25.6,0.2,2,Angin Sedang
2025-09-17,2.0,21.0,90.0,24.9,18.6,2,Angin Sedang
2025-09-18,1.0,4.0,93.0,24.7,84.0,0,Angin Ringan
2025-09-19,1.0,5.0,86.0,25.8,0.0,1,Angin Tenang
2025-09-20,2.0,11.0,87.0,25.7,0.0,2,Angin Sedang
2025-09-21,3.0,10.0,86.0,25.8,4.2,2,Angin Sedang
2025-09-22,2.0,5.0,85.0,26.8,0.2,2,Angin Sedang
2025-09-23,2.0,7.0,88.0,26.1,3.8,2,Angin Sedang
2025-09-24,3.0,15.0,81.0,26.5,37.0,2,Angin Sedang
2025-09-25,3.0,7.0,82.0,26.3,0.0,2,Angin Sedang
2025-09-26,3.0,10.0,83.0,26.4,1.2,2,Angin Sedang
2025-09-27,1.0,4.0,80.0,27.7,2.0,2,Angin Sedang
2025-09-28,3.0,11.0,78.0,27.1,0.0,2,Angin Sedang
2025-09-29,3.0,20.0,87.0,25.5,0.0,2,Angin Sedang
2025-09-30,4.0,20.0,86.0,25.3,35.6,2,Angin Sedang
2025-10-01,3.0,12.0,85.0,26.5,24.8,2,Angin Sedang
2025-10-02,2.0,13.0,94.0,24.4,1.8,2,Angin Sedang
2025-10-03,1.0,4.0,82.0,26.3,23.4,1,Angin Tenang
2025-10-04,3.0,13.0,79.0,26.8,0.0,2,Angin Sedang
2025-10-05,2.0,14.0,84.0,25.4,12.5,2,Angin Sedang
2025-10-06,3.0,14.0,76.0,27.3,6.4,2,Angin Sedang
2025-10-07,3.0,19.0,81.0,26.8,0.0,2,Angin Sedang
2025-10-08,3.0,13.0,84.0,26.4,0.2,2,Angin Sedang
2025-10-09,4.0,10.0,78.0,26.3,16.8,2,Angin Sedang
2025-10-10,3.0,15.0,75.0,27.2,0.2,2,Angin Sedang
2025-10-11,2.0,8.0,76.0,27.8,7.4,2,Angin Sedang
2025-10-12,2.0,12.0,78.0,27.9,16.8,2,Angin Sedang
2025-10-13,3.0,8.0,80.0,27.9,0.0,2,Angin Sedang
2025-10-14,2.0,5.0,75.0,28.6,0.0,2,Angin Sedang
2025-10-15,2.0,7.0,78.0,28.3,0.0,2,Angin Sedang
2025-10-16,3.0,14.0,80.0,27.9,0.0,2,Angin Sedang
2025-10-17,3.0,9.0,82.0,27.0,0.0,2,Angin Sedang
2025-10-18,1.0,8.0,87.0,26.8,6.4,2,Angin Sedang
2025-10-19,2.0,7.0,88.0,26.0,16.4,2,Angin Sedang
2025-10-20,2.0,6.0,85.0,27.6,18.5,2,Angin Sedang
2025-10-21,3.0,14.0,84.0,27.5,0.6,2,Angin Sedang
2025-10-22,2.0,8.0,84.0,26.8,6.2,2,Angin Sedang
2025-10-23,2.0,12.0,90.0,25.5,2.5,2,Angin Sedang
2025-10-24,2.0,9.0,93.0,25.2,4.0,2,Angin Sedang
2025-10-25,2.0,6.0,83.0,27.1,10.8,2,Angin Sedang
2025-10-26,2.0,9.0,92.0,25.5,0.8,2,Angin Sedang
2025-10-27,2.0,5.0,86.0,26.2,3.4,2,Angin Sedang
2025-10-28,2.0,6.0,88.0,25.2,16.5,2,Angin Sedang
2025-10-29,2.0,9.0,89.0,26.1,13.8,2,Angin Sedang
2025-10-30,2.0,6.0,86.0,26.2,8.4,2,Angin Sedang
2025-10-31,2.0,6.0,84.0,25.9,1.6,2,Angin Sedang
2025-11-01,2.0,6.0,85.0,26.5,2.6,2,Angin Sedang
2025-11-02,3.0,8.0,83.0,26.7,50.0,0,Angin Ringan
2025-11-03,2.0,13.0,84.0,26.3,4.0,2,Angin Sedang
2025-11-04,2.0,15.0,84.0,26.6,0.8,2,Angin Sedang
2025-11-05,2.0,9.0,83.0,26.3,14.4,2,Angin Sedang
2025-11-06,4.0,15.0,78.0,27.1,0.0,2,Angin Sedang
2025-11-07,5.0,14.0,81.0,27.8,0.5666666666666667,2,Angin Sedang
2025-11-08,3.0,14.0,84.0,26.2,1.1333333333333333,2,Angin Sedang
2025-11-09,5.0,15.0,78.0,27.2,1.7,2,Angin Sedang
2025-11-10,2.0,8.0,81.0,27.1,0.0,2,Angin Sedang
2025-11-11,3.0,11.0,84.0,26.2,1.0,2,Angin Sedang
2025-11-12,3.0,16.0,85.0,26.5,2.3,2,Angin Sedang
2025-11-13,2.0,7.0,85.0,25.8,1.2,2,Angin Sedang
2025-11-14,3.0,11.0,88.0,25.3,4.15,2,Angin Sedang
2025-11-15,3.0,9.0,80.0,26.9,7.1,2,Angin Sedang
2025-11-16,1.0,6.0,81.0,27.5,0.0,2,Angin Sedang
2025-11-17,2.0,8.0,79.0,27.5,0.1,2,Angin Sedang
2025-11-18,2.0,15.0,94.0,23.8,0.2,2,Angin Sedang
2025-11-19,2.0,6.0,85.0,26.2,37.4,0,Angin Ringan
2025-11-20,2.0,10.0,89.0,25.9,0.2,2,Angin Sedang
2025-11-21,4.0,9.0,79.0,26.9,2.5,2,Angin Sedang
2025-11-22,2.0,8.0,82.0,26.7,0.0,2,Angin Sedang
2025-11-23,3.0,10.0,87.0,25.3,38.8,0,Angin Ringan
2025-11-24,2.0,7.0,77.0,27.4,17.5,2,Angin Sedang
2025-11-25,2.0,8.0,78.0,26.5,0.0,2,Angin Sedang
2025-11-26,2.0,7.0,78.0,27.2,0.0,2,Angin Sedang
2025-11-27,2.0,8.0,80.0,27.5,0.0,2,Angin Sedang
2025-11-28,3.0,6.0,75.0,28.6,0.0,2,Angin Sedang
2025-11-29,2.0,5.0,81.0,27.2,0.0,2,Angin Sedang
2025-11-30,2.0,13.0,86.0,25.8,0.0,2,Angin Sedang
2025-12-01,2.0,8.0,88.0,26.0,79.4,0,Angin Ringan
2025-12-02,2.0,8.0,86.0,26.5,27.2,2,Angin Sedang
2025-12-03,2.0,15.0,86.0,27.0,0.6,2,Angin Sedang
2025-12-04,2.0,15.0,91.0,24.4,3.6,2,Angin Sedang
2025-12-05,2.0,7.0,84.0,25.8,38.9,0,Angin Ringan
2025-12-06,2.0,6.0,89.0,25.4,4.8,2,Angin Sedang
2025-12-07,2.0,10.0,86.0,26.7,5.0,2,Angin Sedang
2025-12-08,2.0,7.0,86.0,26.1,0.0,2,Angin Sedang
2025-12-09,2.0,7.0,86.0,26.4,2.2,2,Angin Sedang
2025-12-10,3.0,7.0,83.0,26.0,0.0,2,Angin Sedang
2025-12-11,0.0,4.0,94.0,25.5,41.4,0,Angin Ringan
2025-12-12,2.0,5.0,84.0,27.1,7.1,2,Angin Sedang
2025-12-13,2.0,9.0,85.0,26.8,0.2,2,Angin Sedang
2025-12-14,2.0,9.0,86.0,26.4,4.0,2,Angin Sedang
2025-12-15,3.0,11.0,85.0,26.2,3.6,2,Angin Sedang
2025-12-16,2.0,7.0,90.0,24.7,0.4,2,Angin Sedang
2025-12-17,3.0,14.0,84.0,26.8,34.6,2,Angin Sedang
2025-12-18,1.0,7.0,94.0,24.8,0.2,1,Angin Tenang
2025-12-19,3.0,8.0,96.0,24.2,11.1,2,Angin Sedang
2025-12-20,1.0,10.0,93.0,24.7,18.7,2,Angin Sedang
2025-12-21,3.0,8.0,94.0,25.1,31.7,0,Angin Ringan
2025-12-22,3.0,10.0,88.0,26.5,12.0,2,Angin Sedang
2025-12-23,3.0,10.0,86.0,27.3,0.2,2,Angin Sedang
2025-12-24,2.0,10.0,86.0,26.2,3.6,2,Angin Sedang
2025-12-25,2.0,11.0,86.0,26.7,0.0,2,Angin Sedang
2025-12-26,3.0,9.0,84.0,26.9,20.8,2,Angin Sedang
2025-12-27,1.0,6.0,76.0,28.6,0.2,2,Angin Sedang
2025-12-28,2.0,13.0,87.0,26.5,0.0,2,Angin Sedang
2025-12-29,2.0,8.0,86.0,25.7,13.4,2,Angin Sedang
2025-12-30,2.0,15.0,91.0,24.4,29.0,0,Angin Ringan
2025-12-31,2.0,10.0,92.0,25.1,54.2,0,Angin Ringan
2026-01-01,2.0,13.0,94.0,24.2,17.4,2,Angin Sedang
2026-01-02,4.0,11.0,91.0,24.9,5.4,2,Angin Sedang
2026-01-03,3.0,12.0,88.0,24.3,27.4,2,Angin Sedang
2026-01-04,2.0,7.0,87.0,26.1,4.8,2,Angin Sedang
2026-01-05,2.0,6.0,83.0,27.3,0.0,2,Angin Sedang
2026-01-06,4.0,11.0,82.0,27.3,0.0,2,Angin Sedang
2026-01-07,2.0,8.0,93.0,25.5,23.2,2,Angin Sedang
2026-01-08,2.0,6.0,86.0,25.8,6.6,2,Angin Sedang
2026-01-09,2.0,6.0,89.0,25.5,4.4,2,Angin Sedang
2026-01-10,3.0,11.0,88.0,25.2,6.4,2,Angin Sedang
2026-01-11,2.0,8.0,94.0,24.2,2.4,2,Angin Sedang
2026-01-12,2.0,4.0,96.0,22.9,49.6,0,Angin Ringan
2026-01-13,2.0,8.0,93.0,24.1,7.6,2,Angin Sedang
2026-01-14,4.0,10.0,95.0,23.9,14.6,2,Angin Sedang
2026-01-15,3.0,9.0,92.0,24.1,28.6,0,Angin Ringan
2026-01-16,3.0,10.0,85.0,25.8,1.4,2,Angin Sedang
2026-01-17,2.0,10.0,94.0,25.2,11.0,2,Angin Sedang
2026-01-18,1.0,4.0,93.0,24.9,15.2,1,Angin Tenang
2026-01-19,2.0,9.0,89.0,25.0,0.4,2,Angin Sedang
2026-01-20,2.0,8.0,89.0,24.5,21.4,2,Angin Sedang
2026-01-21,3.0,10.0,95.0,23.3,24.4,2,Angin Sedang
2026-01-22,3.0,7.0,92.0,24.4,8.2,2,Angin Sedang
2026-01-23,2.0,4.0,97.0,23.5,52.2,0,Angin Ringan
2026-01-24,3.0,10.0,91.0,25.2,29.8,2,Angin Sedang
2026-01-25,2.0,9.0,87.0,26.1,3.2,2,Angin Sedang
2026-01-26,2.0,10.0,83.0,26.4,1.2,2,Angin Sedang
2026-01-27,3.0,10.0,86.0,26.0,1.2,2,Angin Sedang
2026-01-28,2.0,8.0,96.0,24.1,15.2,2,Angin Sedang
2026-01-29,2.0,8.0,93.0,24.8,54.7,0,Angin Ringan
2026-01-30,2.0,11.0,87.0,25.2,61.4,0,Angin Ringan
2026-01-31,3.0,8.0,90.0,25.7,0.0,2,Angin Sedang
2026-02-01,2.0,7.0,90.0,25.3,0.1,2,Angin Sedang
2026-02-02,2.0,11.0,86.0,25.5,2.6,2,Angin Sedang
2026-02-03,2.0,8.0,84.0,26.4,1.3,2,Angin Sedang
2026-02-04,3.0,9.0,90.0,24.9,0.0,2,Angin Sedang
2026-02-05,3.0,8.0,88.0,24.9,16.8,2,Angin Sedang
2026-02-06,2.0,15.0,83.0,25.8,1.0,2,Angin Sedang
2026-02-07,1.0,7.0,92.0,24.9,0.2,1,Angin Tenang
2026-02-08,3.0,11.0,86.0,25.7,18.8,2,Angin Sedang
2026-02-09,1.0,5.0,92.0,24.3,2.4,1,Angin Tenang
2026-02-10,2.0,9.0,90.0,25.5,1.7,2,Angin Sedang
2026-02-11,3.0,14.0,91.0,24.6,0.8,2,Angin Sedang
2026-02-12,2.0,15.0,93.0,24.2,3.6,2,Angin Sedang
2026-02-13,2.0,5.0,87.0,25.9,30.0,0,Angin Ringan
2026-02-14,2.0,7.0,86.0,26.3,0.0,2,Angin Sedang
2026-02-15,2.0,9.0,86.0,26.5,3.4,2,Angin Sedang
2026-02-16,2.0,10.0,94.0,25.2,0.0,2,Angin Sedang
2026-02-17,2.0,11.0,91.0,24.6,17.1,2,Angin Sedang
2026-02-18,1.0,6.0,90.0,25.0,17.0,1,Angin Tenang
2026-02-19,1.0,6.0,96.0,25.2,0.8,1,Angin Tenang
2026-02-20,2.0,5.0,89.0,25.2,58.4,0,Angin Ringan
2026-02-21,2.0,6.0,89.0,26.1,0.4,2,Angin Sedang
2026-02-22,1.0,6.0,91.0,26.3,8.9,2,Angin Sedang
2026-02-23,3.0,9.0,91.0,24.4,17.4,2,Angin Sedang
2026-02-24,2.0,7.0,81.0,25.9,0.1,2,Angin Sedang
2026-02-25,3.0,8.0,82.0,26.2,0.2,2,Angin Sedang
2026-02-26,3.0,13.0,80.0,27.0,0.0,2,Angin Sedang
2026-02-27,5.0,14.0,85.0,26.1,0.8,2,Angin Sedang
2026-02-28,2.0,6.0,85.0,25.2,10.2,2,Angin Sedang
2026-03-01,2.0,8.0,85.0,26.3,1.0,2,Angin Sedang
2026-03-02,3.0,12.0,90.0,25.8,0.2,2,Angin Sedang
2026-03-03,5.0,17.0,86.0,25.4,23.6,2,Angin Sedang
2026-03-04,5.0,15.0,90.0,24.5,25.3,2,Angin Sedang
2026-03-05,1.0,6.0,86.0,25.4,2.3,1,Angin Tenang
2026-03-06,3.0,11.0,90.0,25.2,4.8,2,Angin Sedang
2026-03-07,2.0,8.0,94.0,23.9,9.3,2,Angin Sedang
2026-03-08,1.0,6.0,93.0,24.8,20.4,1,Angin Tenang
2026-03-09,2.0,9.0,89.0,26.0,22.2,2,Angin Sedang
2026-03-10,2.0,7.0,84.0,26.0,1.8,2,Angin Sedang
2026-03-11,1.0,7.0,84.0,25.6,6.0,1,Angin Tenang
2026-03-12,1.0,5.0,84.0,26.0,29.0,0,Angin Ringan
2026-03-13,1.0,4.0,78.0,26.4,14.5,1,Angin Tenang
2026-03-14,2.0,8.0,82.0,25.7,0.0,2,Angin Sedang
2026-03-15,3.0,12.0,77.0,26.4,0.0,2,Angin Sedang
2026-03-16,1.0,4.0,77.0,26.4,0.0,1,Angin Tenang
2026-03-17,3.0,10.0,78.0,27.2,0.0,2,Angin Sedang
2026-03-18,3.0,10.0,76.0,27.8,0.0,2,Angin Sedang
2026-03-19,2.0,7.0,78.0,27.0,0.0,2,Angin Sedang
2026-03-20,2.0,12.0,86.0,26.3,0.2,2,Angin Sedang
2026-03-21,2.0,11.0,87.0,25.9,13.0,2,Angin Sedang
2026-03-22,2.0,7.0,84.0,26.4,14.5,2,Angin Sedang
2026-03-23,3.0,10.0,81.0,26.6,0.0,2,Angin Sedang
2026-03-24,3.0,13.0,84.0,26.6,3.6,2,Angin Sedang
2026-03-25,2.0,13.0,82.0,25.6,0.0,2,Angin Sedang
2026-03-26,1.0,4.0,90.0,25.7,0.1,1,Angin Tenang
2026-03-27,1.0,7.0,89.0,25.6,2.0,2,Angin Sedang
2026-03-28,2.0,8.0,86.0,27.1,1.0,2,Angin Sedang
2026-03-29,2.0,9.0,86.0,26.6,0.0,2,Angin Sedang
2026-03-30,2.0,8.0,89.0,26.5,3.4,2,Angin Sedang
2026-03-31,2.0,8.0,96.0,25.0,6.4,2,Angin Sedang
2026-04-01,3.0,13.0,86.0,26.0,9.7,2,Angin Sedang
2026-04-02,3.0,9.0,84.0,26.3,1.6,2,Angin Sedang
2026-04-03,3.0,11.0,83.0,26.7,33.1,2,Angin Sedang
2026-04-04,2.0,17.0,91.0,25.0,58.0,0,Angin Ringan
2026-04-05,2.0,13.0,87.0,25.9,41.0,0,Angin Ringan
2026-04-06,2.0,6.0,86.0,26.0,15.0,2,Angin Sedang
2026-04-07,2.0,9.0,84.0,26.6,0.0,2,Angin Sedang
2026-04-08,2.0,6.0,84.0,26.6,0.0,2,Angin Sedang
2026-04-09,3.0,13.0,84.0,26.4,0.0,2,Angin Sedang
2026-04-10,3.0,10.0,81.0,26.6,0.0,2,Angin Sedang
2026-04-11,2.0,6.0,81.0,26.9,0.0,2,Angin Sedang
2026-04-12,2.0,11.0,84.0,26.4,6.2,2,Angin Sedang
2026-04-13,3.0,9.0,80.0,27.3,0.2,2,Angin Sedang
2026-04-14,2.0,14.0,88.0,26.2,32.4,0,Angin Ringan
2026-04-15,2.0,4.0,87.0,25.7,38.2,0,Angin Ringan
2026-04-16,3.0,9.0,89.0,26.1,74.9,0,Angin Ringan
2026-04-17,1.0,8.0,90.0,26.4,25.4,0,Angin Ringan
2026-04-18,3.0,9.0,84.0,27.3,16.6,2,Angin Sedang
2026-04-19,3.0,12.0,87.0,26.2,6.9,2,Angin Sedang
2026-04-20,2.0,8.0,83.0,27.5,72.3,0,Angin Ringan
2026-04-21,2.0,7.0,84.0,27.2,0.0,2,Angin Sedang
2026-04-22,2.0,7.0,83.0,27.1,20.4,2,Angin Sedang
2026-04-23,1.0,4.0,87.0,26.5,4.9,1,Angin Tenang
2026-04-24,3.0,10.0,80.0,27.8,0.0,2,Angin Sedang
2026-04-25,3.0,11.0,78.0,28.4,0.0,2,Angin Sedang
2026-04-26,2.0,6.0,83.0,27.5,7.5,2,Angin Sedang
2026-04-27,1.0,5.0,83.0,27.5,0.4,2,Angin Sedang
2026-04-28,1.0,6.0,88.0,26.9,0.0,2,Angin Sedang
2026-04-29,3.0,12.0,87.0,26.9,16.2,2,Angin Sedang
2026-04-30,2.0,13.0,87.0,26.5,0.4,2,Angin Sedang
2026-05-01,1.0,7.0,86.0,26.1,30.0,0,Angin Ringan
2026-05-02,1.0,4.0,84.0,26.6,29.8,0,Angin Ringan
2026-05-03,2.0,10.0,86.0,26.9,0.0,2,Angin Sedang
2026-05-04,2.0,7.0,89.0,26.1,44.2,0,Angin Ringan
2026-05-05,2.0,7.0,89.0,25.4,77.6,0,Angin Ringan
2026-05-06,2.0,7.0,87.0,27.1,66.2,0,Angin Ringan
2026-05-07,2.0,11.0,85.0,27.3,10.0,2,Angin Sedang
2026-05-08,2.0,11.0,82.0,27.2,0.0,2,Angin Sedang
2026-05-09,2.0,6.0,87.0,26.5,0.0,2,Angin Sedang
2026-05-10,3.0,10.0,88.0,26.9,20.2,2,Angin Sedang
2026-05-11,1.0,4.0,85.0,27.7,39.6,0,Angin Ringan
2026-05-12,2.0,8.0,82.0,27.6,15.8,2,Angin Sedang
